Weekday,Date,Rooms Sold,Arrival Rooms,Departure Rooms,Occupancy%,Overbooking Limit House Level,Overbooked Rooms,Available Rooms,Deduct,Tentative,Group Tentative Room Revenue,Non-Deduct Rooms,Adults,Children,Room Revenue,ADR,OOO Rooms,OOS Rooms,Comp Rooms,House Use,Day Use
Sat,22/11/2025,82,12,19,45.81,0,0,97,60,0,0.00,42,107,6,"60,117.03",733.13,0,0,0,0,0
Sun,23/11/2025,108,44,18,60.34,0,0,71,75,0,0.00,43,144,4,"71,560.92",662.60,0,0,0,0,0
Mon,24/11/2025,119,28,17,66.48,0,0,60,87,0,0.00,42,162,3,"77,361.07",650.09,0,0,0,0,0
Tue,25/11/2025,119,22,22,66.48,0,0,60,85,0,0.00,44,164,2,"76,292.31",641.11,0,0,0,0,0
Wed,26/11/2025,123,25,21,68.72,0,0,56,85,0,0.00,38,173,2,"78,941.00",641.80,0,0,0,0,0
Thu,27/11/2025,123,23,23,68.72,0,0,56,87,0,0.00,36,173,3,"78,070.01",634.72,0,0,0,0,0
Fri,28/11/2025,126,19,16,70.39,0,0,53,88,0,0.00,38,182,3,"90,337.11",716.96,0,0,0,0,0
Sat,29/11/2025,128,25,23,71.51,0,0,51,88,0,0.00,40,189,3,"90,777.93",709.20,0,0,0,0,0
Sun,30/11/2025,128,29,29,71.51,0,0,51,87,0,0.00,41,187,4,"83,567.33",652.87,0,0,0,0,0
Mon,01/12/2025,136,30,22,75.98,0,0,43,95,0,0.00,41,197,3,"109,349.80",804.04,0,0,0,0,0
Tue,02/12/2025,143,29,22,79.89,0,0,36,99,0,0.00,44,206,4,"115,967.50",810.96,0,0,0,0,0
Wed,03/12/2025,145,26,24,81.01,0,0,34,99,0,0.00,46,207,3,"117,896.20",813.08,0,0,0,0,0
Thu,04/12/2025,147,28,26,82.12,0,0,32,102,0,0.00,45,208,4,"118,399.64",805.44,0,0,0,0,0
Fri,05/12/2025,147,26,26,82.12,0,0,32,103,0,0.00,44,209,3,"126,258.82",858.90,0,0,0,0,0
Sat,06/12/2025,155,39,31,86.59,0,0,24,109,0,0.00,46,220,3,"131,089.81",845.74,0,0,0,0,0
Sun,07/12/2025,135,26,46,75.42,0,0,44,93,0,0.00,42,190,3,"107,039.77",792.89,0,0,0,0,0
Mon,08/12/2025,140,32,27,78.21,0,0,39,100,0,0.00,40,197,4,"112,234.80",801.68,0,0,0,0,0
Tue,09/12/2025,137,29,32,76.54,0,0,42,97,0,0.00,40,188,5,"108,273.58",790.32,0,0,0,0,0
Wed,10/12/2025,137,31,31,76.54,0,0,42,100,0,0.00,37,192,4,"109,434.27",798.79,0,0,0,0,0
Thu,11/12/2025,151,39,25,84.36,0,0,28,110,0,0.00,41,212,5,"119,154.37",789.10,0,0,0,0,0
Fri,12/12/2025,149,26,28,83.24,0,0,30,107,0,0.00,42,213,4,"122,716.39",823.60,0,0,0,0,0
Sat,13/12/2025,140,17,26,78.21,0,0,39,98,0,0.00,42,203,3,"119,738.03",855.27,0,0,0,0,0
Sun,14/12/2025,140,29,29,78.21,0,0,39,102,0,0.00,38,200,4,"113,593.79",811.38,0,0,0,0,0
Mon,15/12/2025,144,34,30,80.45,0,0,35,105,0,0.00,39,208,4,"115,169.18",799.79,0,0,0,0,0
Tue,16/12/2025,164,31,31,91.62,0,0,15,125,0,0.00,39,224,3,"122,214.22",745.21,0,0,0,0,0
Wed,17/12/2025,152,17,29,84.92,0,0,27,108,0,0.00,44,214,2,"115,975.01",762.99,0,0,0,0,0
Thu,18/12/2025,144,21,29,80.45,0,0,35,105,0,0.00,39,197,1,"109,186.41",758.24,0,0,0,0,0
Fri,19/12/2025,134,13,23,74.86,0,0,45,101,0,0.00,33,186,3,"108,387.92",808.87,0,0,0,0,0
Sat,20/12/2025,110,16,20,61.45,0,0,69,77,0,0.00,33,161,3,"94,802.01",861.84,0,0,0,0,0
Sun,21/12/2025,109,21,22,60.89,0,0,70,80,0,0.00,29,163,2,"90,155.12",827.11,0,0,0,0,0
Mon,22/12/2025,117,27,19,65.36,0,0,62,84,0,0.00,33,174,2,"97,073.09",829.68,0,0,0,0,0
Tue,23/12/2025,100,9,26,55.87,0,0,79,74,0,0.00,26,149,2,"86,319.89",863.20,0,0,0,0,0
Wed,24/12/2025,88,14,26,49.16,0,0,91,60,0,0.00,28,126,1,"78,425.92",891.20,0,0,0,0,0
Thu,25/12/2025,83,11,16,46.37,0,0,96,59,0,0.00,24,121,1,"74,059.96",892.29,0,0,0,0,0
Fri,26/12/2025,76,12,19,42.46,0,0,103,50,0,0.00,26,115,1,"74,322.14",977.92,0,0,0,0,0
Sat,27/12/2025,72,11,15,40.22,0,0,107,46,0,0.00,26,109,3,"72,742.16","1,010.31",0,0,0,0,0
Sun,28/12/2025,67,11,16,37.43,0,0,112,44,0,0.00,23,97,3,"64,220.79",958.52,0,0,0,0,0
Mon,29/12/2025,67,13,13,37.43,0,0,112,45,0,0.00,22,91,2,"64,196.89",958.16,0,0,0,0,0
Tue,30/12/2025,60,11,18,33.52,0,0,119,37,0,0.00,23,83,2,"63,472.72","1,057.88",0,0,0,0,0
Wed,31/12/2025,61,16,15,34.08,0,0,118,38,0,0.00,23,83,2,"41,784.86",685.00,0,0,0,0,0
Thu,01/01/2026,56,14,19,31.28,0,0,123,37,0,0.00,19,76,2,"36,523.40",652.20,0,0,0,0,0
Fri,02/01/2026,53,7,10,29.61,0,0,126,35,0,0.00,18,72,2,"36,768.89",693.75,0,0,0,0,0
Sat,03/01/2026,48,5,10,26.82,0,0,131,32,0,0.00,16,68,0,"31,812.15",662.75,0,0,0,0,0
Sun,04/01/2026,52,10,6,29.05,0,0,127,37,0,0.00,15,74,1,"31,778.89",611.13,0,0,0,0,0
