Currency,RoomTypeCode,RatePlanCode,StartDate,EndDate,AgeBucketCode,Flat,OneGuest,TwoGuests,ExtraGuest
EUR,A2KB,BAR00,2025-12-21,2025-12-26,A1,,950,1020,200
EUR,A2KB,BAR00,2025-12-21,2025-12-26,C1,,70,120,50
EUR,A2KB,BAREX,2025-12-21,2025-12-26,A1,,1188,1275,250
EUR,A2KB,BAREX,2025-12-21,2025-12-26,C1,,88,150,63
EUR,A2KB,RACK,2025-12-21,2025-12-26,A1,,1283,1377,270
EUR,A2KB,RACK,2025-12-21,2025-12-26,C1,,95,162,68
EUR,A2KB,CORL25,2025-12-21,2025-12-26,A1,,713,765,150
EUR,A2KB,CORL25,2025-12-21,2025-12-26,C1,,53,90,38
EUR,A2KB,DAY,2025-12-21,2025-12-26,,612,,,
EUR,A2KB,BAR00,2025-12-26,2025-12-29,A1,,1045,1122,220
EUR,A2KB,BAR00,2025-12-26,2025-12-29,C1,,77,132,55
EUR,A2KB,BAREX,2025-12-26,2025-12-29,A1,,1306,1403,275
EUR,A2KB,BAREX,2025-12-26,2025-12-29,C1,,96,165,69
EUR,A2KB,RACK,2025-12-26,2025-12-29,A1,,1412,1515,297
EUR,A2KB,RACK,2025-12-26,2025-12-29,C1,,105,178,75
EUR,A2KB,CORL25,2025-12-26,2025-12-29,A1,,784,842,165
EUR,A2KB,CORL25,2025-12-26,2025-12-29,C1,,58,99,41
EUR,A2KB,DAY,2025-12-26,2025-12-29,,673,,,
EUR,A2KB,BAR00,2025-12-29,2026-01-01,A1,,1140,1224,240
EUR,A2KB,BAR00,2025-12-29,2026-01-01,C1,,81,138,58
EUR,A2KB,BAREX,2025-12-29,2026-01-01,A1,,1425,1530,300
EUR,A2KB,BAREX,2025-12-29,2026-01-01,C1,,101,173,73
EUR,A2KB,RACK,2025-12-29,2026-01-01,A1,,1539,1652,324
EUR,A2KB,RACK,2025-12-29,2026-01-01,C1,,109,186,78
EUR,A2KB,CORL25,2025-12-29,2026-01-01,A1,,855,918,180
EUR,A2KB,CORL25,2025-12-29,2026-01-01,C1,,61,104,44
EUR,A2KB,DAY,2025-12-29,2026-01-01,,734,,,
EUR,A1KB,BAR00,2025-12-21,2025-12-26,A1,,860,920,190
EUR,A1KB,BAR00,2025-12-21,2025-12-26,C1,,70,120,50
EUR,A1KB,BAREX,2025-12-21,2025-12-26,A1,,1075,1150,238
EUR,A1KB,BAREX,2025-12-21,2025-12-26,C1,,88,150,63
EUR,A1KB,RACK,2025-12-21,2025-12-26,A1,,1161,1242,257
EUR,A1KB,RACK,2025-12-21,2025-12-26,C1,,95,162,68
EUR,A1KB,CORL25,2025-12-21,2025-12-26,A1,,645,690,143
EUR,A1KB,CORL25,2025-12-21,2025-12-26,C1,,53,90,38
EUR,A1KB,DAY,2025-12-21,2025-12-26,,552,,,
EUR,KCST,BAR00,2025-12-21,2025-12-26,A1,,790,850,180
EUR,KCST,BAR00,2025-12-21,2025-12-26,C1,,70,120,50
EUR,KCST,BAREX,2025-12-21,2025-12-26,A1,,988,1063,225
EUR,KCST,BAREX,2025-12-21,2025-12-26,C1,,88,150,63
EUR,KCST,RACK,2025-12-21,2025-12-26,A1,,1067,1148,243
EUR,KCST,RACK,2025-12-21,2025-12-26,C1,,95,162,68
EUR,KCST,CORL25,2025-12-21,2025-12-26,A1,,593,638,135
EUR,KCST,CORL25,2025-12-21,2025-12-26,C1,,53,90,38
EUR,KCST,DAY,2025-12-21,2025-12-26,,510,,,
EUR,KGST,BAR00,2025-12-21,2025-12-26,A1,,740,800,170
EUR,KGST,BAR00,2025-12-21,2025-12-26,C1,,70,120,50
EUR,KGST,BAREX,2025-12-21,2025-12-26,A1,,925,1000,213
EUR,KGST,BAREX,2025-12-21,2025-12-26,C1,,88,150,63
EUR,KGST,RACK,2025-12-21,2025-12-26,A1,,999,1080,230
EUR,KGST,RACK,2025-12-21,2025-12-26,C1,,95,162,68
EUR,KGST,CORL25,2025-12-21,2025-12-26,A1,,555,600,128
EUR,KGST,CORL25,2025-12-21,2025-12-26,C1,,53,90,38
EUR,KGST,DAY,2025-12-21,2025-12-26,,480,,,
EUR,TWDX,BAR00,2025-12-21,2025-12-26,A1,,670,730,160
EUR,TWDX,BAR00,2025-12-21,2025-12-26,C1,,70,120,50
EUR,TWDX,BAREX,2025-12-21,2025-12-26,A1,,838,913,200
EUR,TWDX,BAREX,2025-12-21,2025-12-26,C1,,88,150,63
EUR,TWDX,RACK,2025-12-21,2025-12-26,A1,,905,986,216
EUR,TWDX,RACK,2025-12-21,2025-12-26,C1,,95,162,68
EUR,TWDX,CORL25,2025-12-21,2025-12-26,A1,,503,548,120
EUR,TWDX,CORL25,2025-12-21,2025-12-26,C1,,53,90,38
EUR,TWDX,DAY,2025-12-21,2025-12-26,,438,,,
EUR,KCDX,BAR00,2025-12-21,2025-12-26,A1,,640,700,150
EUR,KCDX,BAR00,2025-12-21,2025-12-26,C1,,70,120,50
EUR,KCDX,BAREX,2025-12-21,2025-12-26,A1,,800,875,188
EUR,KCDX,BAREX,2025-12-21,2025-12-26,C1,,88,150,63
EUR,KCDX,RACK,2025-12-21,2025-12-26,A1,,864,945,203
EUR,KCDX,RACK,2025-12-21,2025-12-26,C1,,95,162,68
EUR,KCDX,CORL25,2025-12-21,2025-12-26,A1,,480,525,113
EUR,KCDX,CORL25,2025-12-21,2025-12-26,C1,,53,90,38
EUR,KCDX,DAY,2025-12-21,2025-12-26,,420,,,
EUR,TCDX,BAR00,2025-12-21,2025-12-26,A1,,620,680,150
EUR,TCDX,BAR00,2025-12-21,2025-12-26,C1,,70,120,50
EUR,TCDX,BAREX,2025-12-21,2025-12-26,A1,,775,850,188
EUR,TCDX,BAREX,2025-12-21,2025-12-26,C1,,88,150,63
EUR,TCDX,RACK,2025-12-21,2025-12-26,A1,,837,918,203
EUR,TCDX,RACK,2025-12-21,2025-12-26,C1,,95,162,68
EUR,TCDX,CORL25,2025-12-21,2025-12-26,A1,,465,510,113
EUR,TCDX,CORL25,2025-12-21,2025-12-26,C1,,53,90,38
EUR,TCDX,DAY,2025-12-21,2025-12-26,,408,,,
EUR,KGDX,BAR00,2025-12-21,2025-12-26,A1,,600,660,140
EUR,KGDX,BAR00,2025-12-21,2025-12-26,C1,,70,120,50
EUR,KGDX,BAREX,2025-12-21,2025-12-26,A1,,750,825,175
EUR,KGDX,BAREX,2025-12-21,2025-12-26,C1,,88,150,63
EUR,KGDX,RACK,2025-12-21,2025-12-26,A1,,810,891,189
EUR,KGDX,RACK,2025-12-21,2025-12-26,C1,,95,162,68
EUR,KGDX,CORL25,2025-12-21,2025-12-26,A1,,450,495,105
EUR,KGDX,CORL25,2025-12-21,2025-12-26,C1,,53,90,38
EUR,KGDX,DAY,2025-12-21,2025-12-26,,396,,,
EUR,KINGR,BAR00,2025-12-21,2025-12-26,A1,,570,630,140
EUR,KINGR,BAR00,2025-12-21,2025-12-26,C1,,70,120,50
EUR,KINGR,BAREX,2025-12-21,2025-12-26,A1,,713,788,175
EUR,KINGR,BAREX,2025-12-21,2025-12-26,C1,,88,150,63
EUR,KINGR,RACK,2025-12-21,2025-12-26,A1,,770,851,189
EUR,KINGR,RACK,2025-12-21,2025-12-26,C1,,95,162,68
EUR,KINGR,CORL25,2025-12-21,2025-12-26,A1,,428,473,105
EUR,KINGR,CORL25,2025-12-21,2025-12-26,C1,,53,90,38
EUR,KINGR,DAY,2025-12-21,2025-12-26,,378,,,
EUR,TWDD,BAR00,2025-12-21,2025-12-26,A1,,520,580,130
EUR,TWDD,BAR00,2025-12-21,2025-12-26,C1,,70,120,50
EUR,TWDD,BAREX,2025-12-21,2025-12-26,A1,,650,725,163
EUR,TWDD,BAREX,2025-12-21,2025-12-26,C1,,88,150,63
EUR,TWDD,RACK,2025-12-21,2025-12-26,A1,,702,783,176
EUR,TWDD,RACK,2025-12-21,2025-12-26,C1,,95,162,68
EUR,TWDD,CORL25,2025-12-21,2025-12-26,A1,,390,435,98
EUR,TWDD,CORL25,2025-12-21,2025-12-26,C1,,53,90,38
EUR,TWDD,DAY,2025-12-21,2025-12-26,,348,,,
EUR,TWSP,BAR00,2025-12-21,2025-12-26,A1,,500,560,130
EUR,TWSP,BAR00,2025-12-21,2025-12-26,C1,,70,120,50
EUR,TWSP,BAREX,2025-12-21,2025-12-26,A1,,625,700,163
EUR,TWSP,BAREX,2025-12-21,2025-12-26,C1,,88,150,63
EUR,TWSP,RACK,2025-12-21,2025-12-26,A1,,675,756,176
EUR,TWSP,RACK,2025-12-21,2025-12-26,C1,,95,162,68
EUR,TWSP,CORL25,2025-12-21,2025-12-26,A1,,375,420,98
EUR,TWSP,CORL25,2025-12-21,2025-12-26,C1,,53,90,38
EUR,TWSP,DAY,2025-12-21,2025-12-26,,336,,,
EUR,PRE,OPQ,2025-12-21,2026-01-01,,16800,,,
EUR,KGDX,BARL1,2026-01-01,2026-02-01,,489,,,
EUR,KGDX,BARL2,2026-01-01,2026-02-01,,589,,,
EUR,KGDX,BARL3,2026-01-01,2026-02-01,,789,,,
EUR,PRE,BAR00,2025-12-25,2025-12-26,,31500,,,
EUR,A1KB,BAR00,2025-12-25,2025-12-26,,1380,,,
EUR,KCST,BAR00,2025-12-25,2025-12-26,,1275,,,
EUR,KGST,BAR00,2025-12-25,2025-12-26,,1200,,,
EUR,TWDX,BAR00,2025-12-25,2025-12-26,,1095,,,
EUR,KCDX,BAR00,2025-12-25,2025-12-26,,1050,,,
EUR,TCDX,BAR00,2025-12-25,2025-12-26,,1020,,,
EUR,KGDX,BAR00,2025-12-25,2025-12-26,,990,,,
EUR,KINGR,BAR00,2025-12-25,2025-12-26,,945,,,
EUR,TWDD,BAR00,2025-12-25,2025-12-26,,870,,,
EUR,TWSP,BAR00,2025-12-25,2025-12-26,,840,,,
EUR,A2KB,BAR00,2025-12-25,2025-12-26,,1836,,,
EUR,A1KB,BAREX,2025-12-25,2025-12-26,,1725,,,
EUR,KCST,BAREX,2025-12-25,2025-12-26,,1594,,,
EUR,KGST,BAREX,2025-12-25,2025-12-26,,1500,,,
EUR,TWDX,BAREX,2025-12-25,2025-12-26,,1369,,,
EUR,KCDX,BAREX,2025-12-25,2025-12-26,,1313,,,
EUR,TCDX,BAREX,2025-12-25,2025-12-26,,1275,,,
EUR,KGDX,BAREX,2025-12-25,2025-12-26,,1238,,,
EUR,KINGR,BAREX,2025-12-25,2025-12-26,,1181,,,
EUR,TWDD,BAREX,2025-12-25,2025-12-26,,1088,,,
EUR,TWSP,BAREX,2025-12-25,2025-12-26,,1050,,,
EUR,PRE,BAREX,2025-12-25,2025-12-26,,39375,,,
EUR,A2KB,BAREX,2025-12-25,2025-12-26,,2295,,,
EUR,A1KB,RACK,2025-12-25,2025-12-26,,1863,,,
EUR,KCST,RACK,2025-12-25,2025-12-26,,1721,,,
EUR,KGST,RACK,2025-12-25,2025-12-26,,1620,,,
EUR,TWDX,RACK,2025-12-25,2025-12-26,,1478,,,
EUR,KCDX,RACK,2025-12-25,2025-12-26,,1418,,,
EUR,TCDX,RACK,2025-12-25,2025-12-26,,1377,,,
EUR,KGDX,RACK,2025-12-25,2025-12-26,,1337,,,
EUR,KINGR,RACK,2025-12-25,2025-12-26,,1276,,,
EUR,TWDD,RACK,2025-12-25,2025-12-26,,1175,,,
EUR,TWSP,RACK,2025-12-25,2025-12-26,,1134,,,
EUR,PRE,RACK,2025-12-25,2025-12-26,,42525,,,
EUR,A2KB,RACK,2025-12-25,2025-12-26,,2479,,,
EUR,A1KB,CORL25,2025-12-25,2025-12-26,,1035,,,
EUR,KCST,CORL25,2025-12-25,2025-12-26,,956,,,
EUR,KGST,CORL25,2025-12-25,2025-12-26,,900,,,
EUR,TWDX,CORL25,2025-12-25,2025-12-26,,821,,,
EUR,KCDX,CORL25,2025-12-25,2025-12-26,,788,,,
EUR,TCDX,CORL25,2025-12-25,2025-12-26,,765,,,
EUR,KGDX,CORL25,2025-12-25,2025-12-26,,743,,,
EUR,KINGR,CORL25,2025-12-25,2025-12-26,,709,,,
EUR,TWDD,CORL25,2025-12-25,2025-12-26,,653,,,
EUR,TWSP,CORL25,2025-12-25,2025-12-26,,630,,,
EUR,PRE,CORL25,2025-12-25,2025-12-26,,23625,,,
EUR,A2KB,CORL25,2025-12-25,2025-12-26,,1377,,,
EUR,A1KB,WAL,2025-12-25,2025-12-26,,1173,,,
EUR,KCST,WAL,2025-12-25,2025-12-26,,1084,,,
EUR,KGST,WAL,2025-12-25,2025-12-26,,1020,,,
EUR,TWDX,WAL,2025-12-25,2025-12-26,,931,,,
EUR,KCDX,WAL,2025-12-25,2025-12-26,,893,,,
EUR,TCDX,WAL,2025-12-25,2025-12-26,,867,,,
EUR,KGDX,WAL,2025-12-25,2025-12-26,,842,,,
EUR,KINGR,WAL,2025-12-25,2025-12-26,,803,,,
EUR,TWDD,WAL,2025-12-25,2025-12-26,,740,,,
EUR,TWSP,WAL,2025-12-25,2025-12-26,,714,,,
EUR,PRE,WAL,2025-12-25,2025-12-26,,26775,,,
EUR,A2KB,WAL,2025-12-25,2025-12-26,,1561,,,
EUR,A1KB,BARAPT,2025-12-25,2025-12-26,,1932,,,
EUR,A2KB,BARAPT,2025-12-25,2025-12-26,,2570,,,
EUR,KCST,BARSUIT,2025-12-25,2025-12-26,,1594,,,
EUR,KGST,BARSUIT,2025-12-25,2025-12-26,,1500,,,
EUR,PRE,BARSUIT,2025-12-25,2025-12-26,,39375,,,
EUR,A1KB,OPQ,2025-12-25,2025-12-26,A1,,1032,1104,228
EUR,A1KB,OPQ,2025-12-25,2025-12-26,C1,,84,144,60
EUR,KCST,OPQ,2025-12-25,2025-12-26,A1,,948,1020,216
EUR,KCST,OPQ,2025-12-25,2025-12-26,C1,,84,144,60
EUR,KGST,OPQ,2025-12-25,2025-12-26,A1,,888,960,204
EUR,KGST,OPQ,2025-12-25,2025-12-26,C1,,84,144,60
EUR,TWDX,OPQ,2025-12-25,2025-12-26,A1,,804,876,192
EUR,TWDX,OPQ,2025-12-25,2025-12-26,C1,,84,144,60
EUR,KCDX,OPQ,2025-12-25,2025-12-26,A1,,768,840,180
EUR,KCDX,OPQ,2025-12-25,2025-12-26,C1,,84,144,60
EUR,TCDX,OPQ,2025-12-25,2025-12-26,A1,,744,816,180
EUR,TCDX,OPQ,2025-12-25,2025-12-26,C1,,84,144,60
EUR,KGDX,OPQ,2025-12-25,2025-12-26,A1,,720,792,168
EUR,KGDX,OPQ,2025-12-25,2025-12-26,C1,,84,144,60
EUR,KINGR,OPQ,2025-12-25,2025-12-26,A1,,684,756,168
EUR,KINGR,OPQ,2025-12-25,2025-12-26,C1,,84,144,60
EUR,TWDD,OPQ,2025-12-25,2025-12-26,A1,,624,696,156
EUR,TWDD,OPQ,2025-12-25,2025-12-26,C1,,84,144,60
EUR,TWSP,OPQ,2025-12-25,2025-12-26,A1,,600,672,156
EUR,TWSP,OPQ,2025-12-25,2025-12-26,C1,,84,144,60
EUR,A2KB,OPQ,2025-12-25,2025-12-26,A1,,1368,1469,288
EUR,A2KB,OPQ,2025-12-25,2025-12-26,C1,,98,166,70
EUR,A1KB,STAFF,2025-12-25,2025-12-26,A1,,645,690,143
EUR,A1KB,STAFF,2025-12-25,2025-12-26,C1,,53,90,38
EUR,KCST,STAFF,2025-12-25,2025-12-26,A1,,593,638,135
EUR,KCST,STAFF,2025-12-25,2025-12-26,C1,,53,90,38
EUR,KGST,STAFF,2025-12-25,2025-12-26,A1,,555,600,128
EUR,KGST,STAFF,2025-12-25,2025-12-26,C1,,53,90,38
EUR,TWDX,STAFF,2025-12-25,2025-12-26,A1,,503,548,120
EUR,TWDX,STAFF,2025-12-25,2025-12-26,C1,,53,90,38
EUR,KCDX,STAFF,2025-12-25,2025-12-26,A1,,480,525,113
EUR,KCDX,STAFF,2025-12-25,2025-12-26,C1,,53,90,38
EUR,TCDX,STAFF,2025-12-25,2025-12-26,A1,,465,510,113
EUR,TCDX,STAFF,2025-12-25,2025-12-26,C1,,53,90,38
EUR,KGDX,STAFF,2025-12-25,2025-12-26,A1,,450,495,105
EUR,KGDX,STAFF,2025-12-25,2025-12-26,C1,,53,90,38
EUR,KINGR,STAFF,2025-12-25,2025-12-26,A1,,428,473,105
EUR,KINGR,STAFF,2025-12-25,2025-12-26,C1,,53,90,38
EUR,TWDD,STAFF,2025-12-25,2025-12-26,A1,,390,435,98
EUR,TWDD,STAFF,2025-12-25,2025-12-26,C1,,53,90,38
EUR,TWSP,STAFF,2025-12-25,2025-12-26,A1,,375,420,98
EUR,TWSP,STAFF,2025-12-25,2025-12-26,C1,,53,90,38
EUR,A2KB,STAFF,2025-12-25,2025-12-26,A1,,855,918,180
EUR,A2KB,STAFF,2025-12-25,2025-12-26,C1,,61,104,44
EUR,A1KB,BB,2025-12-25,2025-12-26,A1,,1325,1415,320
EUR,A1KB,BB,2025-12-25,2025-12-26,C1,,140,215,110
EUR,KCST,BB,2025-12-25,2025-12-26,A1,,1220,1310,305
EUR,KCST,BB,2025-12-25,2025-12-26,C1,,140,215,110
EUR,KGST,BB,2025-12-25,2025-12-26,A1,,1145,1235,290
EUR,KGST,BB,2025-12-25,2025-12-26,C1,,140,215,110
EUR,TWDX,BB,2025-12-25,2025-12-26,A1,,1040,1130,275
EUR,TWDX,BB,2025-12-25,2025-12-26,C1,,140,215,110
EUR,KCDX,BB,2025-12-25,2025-12-26,A1,,995,1085,260
EUR,KCDX,BB,2025-12-25,2025-12-26,C1,,140,215,110
EUR,TCDX,BB,2025-12-25,2025-12-26,A1,,965,1055,260
EUR,TCDX,BB,2025-12-25,2025-12-26,C1,,140,215,110
EUR,KGDX,BB,2025-12-25,2025-12-26,A1,,935,1025,245
EUR,KGDX,BB,2025-12-25,2025-12-26,C1,,140,215,110
EUR,KINGR,BB,2025-12-25,2025-12-26,A1,,890,980,245
EUR,KINGR,BB,2025-12-25,2025-12-26,C1,,140,215,110
EUR,TWDD,BB,2025-12-25,2025-12-26,A1,,815,905,230
EUR,TWDD,BB,2025-12-25,2025-12-26,C1,,140,215,110
EUR,TWSP,BB,2025-12-25,2025-12-26,A1,,785,875,230
EUR,TWSP,BB,2025-12-25,2025-12-26,C1,,140,215,110
EUR,A2KB,BB,2025-12-25,2025-12-26,A1,,1745,1871,395
EUR,A2KB,BB,2025-12-25,2025-12-26,C1,,157,242,122
EUR,A1KB,HB,2025-12-25,2025-12-26,A1,,1433,1522,428
EUR,A1KB,HB,2025-12-25,2025-12-26,C1,,173,248,143
EUR,KCST,HB,2025-12-25,2025-12-26,A1,,1328,1418,413
EUR,KCST,HB,2025-12-25,2025-12-26,C1,,173,248,143
EUR,KGST,HB,2025-12-25,2025-12-26,A1,,1253,1343,398
EUR,KGST,HB,2025-12-25,2025-12-26,C1,,173,248,143
EUR,TWDX,HB,2025-12-25,2025-12-26,A1,,1148,1238,383
EUR,TWDX,HB,2025-12-25,2025-12-26,C1,,173,248,143
EUR,KCDX,HB,2025-12-25,2025-12-26,A1,,1103,1193,368
EUR,KCDX,HB,2025-12-25,2025-12-26,C1,,173,248,143
EUR,TCDX,HB,2025-12-25,2025-12-26,A1,,1073,1163,368
EUR,TCDX,HB,2025-12-25,2025-12-26,C1,,173,248,143
EUR,KGDX,HB,2025-12-25,2025-12-26,A1,,1043,1133,353
EUR,KGDX,HB,2025-12-25,2025-12-26,C1,,173,248,143
EUR,KINGR,HB,2025-12-25,2025-12-26,A1,,998,1088,353
EUR,KINGR,HB,2025-12-25,2025-12-26,C1,,173,248,143
EUR,TWDD,HB,2025-12-25,2025-12-26,A1,,923,1013,338
EUR,TWDD,HB,2025-12-25,2025-12-26,C1,,173,248,143
EUR,TWSP,HB,2025-12-25,2025-12-26,A1,,893,983,338
EUR,TWSP,HB,2025-12-25,2025-12-26,C1,,173,248,143
EUR,A2KB,HB,2025-12-25,2025-12-26,A1,,1852,1979,503
EUR,A2KB,HB,2025-12-25,2025-12-26,C1,,190,275,162
EUR,A1KB,WEL,2025-12-25,2025-12-26,A1,,1410,1500,405
EUR,A1KB,WEL,2025-12-25,2025-12-26,C1,,165,240,135
EUR,KCST,WEL,2025-12-25,2025-12-26,A1,,1305,1395,390
EUR,KCST,WEL,2025-12-25,2025-12-26,C1,,165,240,135
EUR,KGST,WEL,2025-12-25,2025-12-26,A1,,1230,1320,375
EUR,KGST,WEL,2025-12-25,2025-12-26,C1,,165,240,135
EUR,TWDX,WEL,2025-12-25,2025-12-26,A1,,1125,1215,360
EUR,TWDX,WEL,2025-12-25,2025-12-26,C1,,165,240,135
EUR,KCDX,WEL,2025-12-25,2025-12-26,A1,,1080,1170,345
EUR,KCDX,WEL,2025-12-25,2025-12-26,C1,,165,240,135
EUR,TCDX,WEL,2025-12-25,2025-12-26,A1,,1050,1140,345
EUR,TCDX,WEL,2025-12-25,2025-12-26,C1,,165,240,135
EUR,KGDX,WEL,2025-12-25,2025-12-26,A1,,1020,1110,330
EUR,KGDX,WEL,2025-12-25,2025-12-26,C1,,165,240,135
EUR,KINGR,WEL,2025-12-25,2025-12-26,A1,,975,1065,330
EUR,KINGR,WEL,2025-12-25,2025-12-26,C1,,165,240,135
EUR,TWDD,WEL,2025-12-25,2025-12-26,A1,,900,990,315
EUR,TWDD,WEL,2025-12-25,2025-12-26,C1,,165,240,135
EUR,TWSP,WEL,2025-12-25,2025-12-26,A1,,870,960,315
EUR,TWSP,WEL,2025-12-25,2025-12-26,C1,,165,240,135
EUR,A2KB,WEL,2025-12-25,2025-12-26,A1,,1830,1956,480
EUR,A2KB,WEL,2025-12-25,2025-12-26,C1,,182,267,155
EUR,A1KB,GRPBASE,2025-12-25,2025-12-26,A1,,903,966,200
EUR,A1KB,GRPBASE,2025-12-25,2025-12-26,C1,,74,126,53
EUR,KCST,GRPBASE,2025-12-25,2025-12-26,A1,,830,893,189
EUR,KCST,GRPBASE,2025-12-25,2025-12-26,C1,,74,126,53
EUR,KGST,GRPBASE,2025-12-25,2025-12-26,A1,,777,840,179
EUR,KGST,GRPBASE,2025-12-25,2025-12-26,C1,,74,126,53
EUR,TWDX,GRPBASE,2025-12-25,2025-12-26,A1,,704,767,168
EUR,TWDX,GRPBASE,2025-12-25,2025-12-26,C1,,74,126,53
EUR,KCDX,GRPBASE,2025-12-25,2025-12-26,A1,,672,735,158
EUR,KCDX,GRPBASE,2025-12-25,2025-12-26,C1,,74,126,53
EUR,TCDX,GRPBASE,2025-12-25,2025-12-26,A1,,651,714,158
EUR,TCDX,GRPBASE,2025-12-25,2025-12-26,C1,,74,126,53
EUR,KGDX,GRPBASE,2025-12-25,2025-12-26,A1,,630,693,147
EUR,KGDX,GRPBASE,2025-12-25,2025-12-26,C1,,74,126,53
EUR,KINGR,GRPBASE,2025-12-25,2025-12-26,A1,,599,662,147
EUR,KINGR,GRPBASE,2025-12-25,2025-12-26,C1,,74,126,53
EUR,TWDD,GRPBASE,2025-12-25,2025-12-26,A1,,546,609,137
EUR,TWDD,GRPBASE,2025-12-25,2025-12-26,C1,,74,126,53
EUR,TWSP,GRPBASE,2025-12-25,2025-12-26,A1,,525,588,137
EUR,TWSP,GRPBASE,2025-12-25,2025-12-26,C1,,74,126,53
EUR,A2KB,GRPBASE,2025-12-25,2025-12-26,A1,,1197,1286,252
EUR,A2KB,GRPBASE,2025-12-25,2025-12-26,C1,,86,146,62
EUR,A1KB,SUHB,2025-12-25,2025-12-26,A1,,1791,1903,535
EUR,A1KB,SUHB,2025-12-25,2025-12-26,C1,,216,310,179
EUR,KCST,SUHB,2025-12-25,2025-12-26,A1,,1660,1773,516
EUR,KCST,SUHB,2025-12-25,2025-12-26,C1,,216,310,179
EUR,KGST,SUHB,2025-12-25,2025-12-26,A1,,1566,1679,498
EUR,KGST,SUHB,2025-12-25,2025-12-26,C1,,216,310,179
EUR,TWDX,SUHB,2025-12-25,2025-12-26,A1,,1435,1548,479
EUR,TWDX,SUHB,2025-12-25,2025-12-26,C1,,216,310,179
EUR,KCDX,SUHB,2025-12-25,2025-12-26,A1,,1379,1491,460
EUR,KCDX,SUHB,2025-12-25,2025-12-26,C1,,216,310,179
EUR,TCDX,SUHB,2025-12-25,2025-12-26,A1,,1341,1454,460
EUR,TCDX,SUHB,2025-12-25,2025-12-26,C1,,216,310,179
EUR,KGDX,SUHB,2025-12-25,2025-12-26,A1,,1304,1416,441
EUR,KGDX,SUHB,2025-12-25,2025-12-26,C1,,216,310,179
EUR,KINGR,SUHB,2025-12-25,2025-12-26,A1,,1248,1360,441
EUR,KINGR,SUHB,2025-12-25,2025-12-26,C1,,216,310,179
EUR,TWDD,SUHB,2025-12-25,2025-12-26,A1,,1154,1266,423
EUR,TWDD,SUHB,2025-12-25,2025-12-26,C1,,216,310,179
EUR,TWSP,SUHB,2025-12-25,2025-12-26,A1,,1116,1229,423
EUR,TWSP,SUHB,2025-12-25,2025-12-26,C1,,216,310,179
EUR,A2KB,SUHB,2025-12-25,2025-12-26,A1,,2315,2474,629
EUR,A2KB,SUHB,2025-12-25,2025-12-26,C1,,238,344,203
EUR,A1KB,GRPHIG,2025-12-25,2025-12-26,,1207,,,
EUR,KCST,GRPHIG,2025-12-25,2025-12-26,,1116,,,
EUR,KGST,GRPHIG,2025-12-25,2025-12-26,,1050,,,
EUR,TWDX,GRPHIG,2025-12-25,2025-12-26,,958,,,
EUR,KCDX,GRPHIG,2025-12-25,2025-12-26,,919,,,
EUR,TCDX,GRPHIG,2025-12-25,2025-12-26,,893,,,
EUR,KGDX,GRPHIG,2025-12-25,2025-12-26,,866,,,
EUR,KINGR,GRPHIG,2025-12-25,2025-12-26,,827,,,
EUR,TWDD,GRPHIG,2025-12-25,2025-12-26,,761,,,
EUR,TWSP,GRPHIG,2025-12-25,2025-12-26,,735,,,
EUR,PRE,GRPHIG,2025-12-25,2025-12-26,,27563,,,
EUR,A2KB,GRPHIG,2025-12-25,2025-12-26,,1607,,,
EUR,PRE,BAR00,2025-12-26,2025-12-27,,31500,,,
EUR,A1KB,BAR00,2025-12-26,2025-12-27,,1380,,,
EUR,KCST,BAR00,2025-12-26,2025-12-27,,1275,,,
EUR,KGST,BAR00,2025-12-26,2025-12-27,,1200,,,
EUR,TWDX,BAR00,2025-12-26,2025-12-27,,1095,,,
EUR,KCDX,BAR00,2025-12-26,2025-12-27,,1050,,,
EUR,TCDX,BAR00,2025-12-26,2025-12-27,,1020,,,
EUR,KGDX,BAR00,2025-12-26,2025-12-27,,990,,,
EUR,KINGR,BAR00,2025-12-26,2025-12-27,,945,,,
EUR,TWDD,BAR00,2025-12-26,2025-12-27,,870,,,
EUR,TWSP,BAR00,2025-12-26,2025-12-27,,840,,,
EUR,A2KB,BAR00,2025-12-26,2025-12-27,,1836,,,
EUR,A1KB,BAREX,2025-12-26,2025-12-27,,1725,,,
EUR,KCST,BAREX,2025-12-26,2025-12-27,,1594,,,
EUR,KGST,BAREX,2025-12-26,2025-12-27,,1500,,,
EUR,TWDX,BAREX,2025-12-26,2025-12-27,,1369,,,
EUR,KCDX,BAREX,2025-12-26,2025-12-27,,1313,,,
EUR,TCDX,BAREX,2025-12-26,2025-12-27,,1275,,,
EUR,KGDX,BAREX,2025-12-26,2025-12-27,,1238,,,
EUR,KINGR,BAREX,2025-12-26,2025-12-27,,1181,,,
EUR,TWDD,BAREX,2025-12-26,2025-12-27,,1088,,,
EUR,TWSP,BAREX,2025-12-26,2025-12-27,,1050,,,
EUR,PRE,BAREX,2025-12-26,2025-12-27,,39375,,,
EUR,A2KB,BAREX,2025-12-26,2025-12-27,,2295,,,
EUR,A1KB,RACK,2025-12-26,2025-12-27,,1863,,,
EUR,KCST,RACK,2025-12-26,2025-12-27,,1721,,,
EUR,KGST,RACK,2025-12-26,2025-12-27,,1620,,,
EUR,TWDX,RACK,2025-12-26,2025-12-27,,1478,,,
EUR,KCDX,RACK,2025-12-26,2025-12-27,,1418,,,
EUR,TCDX,RACK,2025-12-26,2025-12-27,,1377,,,
EUR,KGDX,RACK,2025-12-26,2025-12-27,,1337,,,
EUR,KINGR,RACK,2025-12-26,2025-12-27,,1276,,,
EUR,TWDD,RACK,2025-12-26,2025-12-27,,1175,,,
EUR,TWSP,RACK,2025-12-26,2025-12-27,,1134,,,
EUR,PRE,RACK,2025-12-26,2025-12-27,,42525,,,
EUR,A2KB,RACK,2025-12-26,2025-12-27,,2479,,,
EUR,A1KB,CORL25,2025-12-26,2025-12-27,,1035,,,
EUR,KCST,CORL25,2025-12-26,2025-12-27,,956,,,
EUR,KGST,CORL25,2025-12-26,2025-12-27,,900,,,
EUR,TWDX,CORL25,2025-12-26,2025-12-27,,821,,,
EUR,KCDX,CORL25,2025-12-26,2025-12-27,,788,,,
EUR,TCDX,CORL25,2025-12-26,2025-12-27,,765,,,
EUR,KGDX,CORL25,2025-12-26,2025-12-27,,743,,,
EUR,KINGR,CORL25,2025-12-26,2025-12-27,,709,,,
EUR,TWDD,CORL25,2025-12-26,2025-12-27,,653,,,
EUR,TWSP,CORL25,2025-12-26,2025-12-27,,630,,,
EUR,PRE,CORL25,2025-12-26,2025-12-27,,23625,,,
EUR,A2KB,CORL25,2025-12-26,2025-12-27,,1377,,,
EUR,A1KB,WAL,2025-12-26,2025-12-27,,1173,,,
EUR,KCST,WAL,2025-12-26,2025-12-27,,1084,,,
EUR,KGST,WAL,2025-12-26,2025-12-27,,1020,,,
EUR,TWDX,WAL,2025-12-26,2025-12-27,,931,,,
EUR,KCDX,WAL,2025-12-26,2025-12-27,,893,,,
EUR,TCDX,WAL,2025-12-26,2025-12-27,,867,,,
EUR,KGDX,WAL,2025-12-26,2025-12-27,,842,,,
EUR,KINGR,WAL,2025-12-26,2025-12-27,,803,,,
EUR,TWDD,WAL,2025-12-26,2025-12-27,,740,,,
EUR,TWSP,WAL,2025-12-26,2025-12-27,,714,,,
EUR,PRE,WAL,2025-12-26,2025-12-27,,26775,,,
EUR,A2KB,WAL,2025-12-26,2025-12-27,,1561,,,
EUR,A1KB,BARAPT,2025-12-26,2025-12-27,,1932,,,
EUR,A2KB,BARAPT,2025-12-26,2025-12-27,,2570,,,
EUR,KCST,BARSUIT,2025-12-26,2025-12-27,,1594,,,
EUR,KGST,BARSUIT,2025-12-26,2025-12-27,,1500,,,
EUR,PRE,BARSUIT,2025-12-26,2025-12-27,,39375,,,
EUR,A1KB,OPQ,2025-12-26,2025-12-27,A1,,1032,1104,228
EUR,A1KB,OPQ,2025-12-26,2025-12-27,C1,,84,144,60
EUR,KCST,OPQ,2025-12-26,2025-12-27,A1,,948,1020,216
EUR,KCST,OPQ,2025-12-26,2025-12-27,C1,,84,144,60
EUR,KGST,OPQ,2025-12-26,2025-12-27,A1,,888,960,204
EUR,KGST,OPQ,2025-12-26,2025-12-27,C1,,84,144,60
EUR,TWDX,OPQ,2025-12-26,2025-12-27,A1,,804,876,192
EUR,TWDX,OPQ,2025-12-26,2025-12-27,C1,,84,144,60
EUR,KCDX,OPQ,2025-12-26,2025-12-27,A1,,768,840,180
EUR,KCDX,OPQ,2025-12-26,2025-12-27,C1,,84,144,60
EUR,TCDX,OPQ,2025-12-26,2025-12-27,A1,,744,816,180
EUR,TCDX,OPQ,2025-12-26,2025-12-27,C1,,84,144,60
EUR,KGDX,OPQ,2025-12-26,2025-12-27,A1,,720,792,168
EUR,KGDX,OPQ,2025-12-26,2025-12-27,C1,,84,144,60
EUR,KINGR,OPQ,2025-12-26,2025-12-27,A1,,684,756,168
EUR,KINGR,OPQ,2025-12-26,2025-12-27,C1,,84,144,60
EUR,TWDD,OPQ,2025-12-26,2025-12-27,A1,,624,696,156
EUR,TWDD,OPQ,2025-12-26,2025-12-27,C1,,84,144,60
EUR,TWSP,OPQ,2025-12-26,2025-12-27,A1,,600,672,156
EUR,TWSP,OPQ,2025-12-26,2025-12-27,C1,,84,144,60
EUR,A2KB,OPQ,2025-12-26,2025-12-27,A1,,1368,1469,288
EUR,A2KB,OPQ,2025-12-26,2025-12-27,C1,,98,166,70
EUR,A1KB,STAFF,2025-12-26,2025-12-27,A1,,645,690,143
EUR,A1KB,STAFF,2025-12-26,2025-12-27,C1,,53,90,38
EUR,KCST,STAFF,2025-12-26,2025-12-27,A1,,593,638,135
EUR,KCST,STAFF,2025-12-26,2025-12-27,C1,,53,90,38
EUR,KGST,STAFF,2025-12-26,2025-12-27,A1,,555,600,128
EUR,KGST,STAFF,2025-12-26,2025-12-27,C1,,53,90,38
EUR,TWDX,STAFF,2025-12-26,2025-12-27,A1,,503,548,120
EUR,TWDX,STAFF,2025-12-26,2025-12-27,C1,,53,90,38
EUR,KCDX,STAFF,2025-12-26,2025-12-27,A1,,480,525,113
EUR,KCDX,STAFF,2025-12-26,2025-12-27,C1,,53,90,38
EUR,TCDX,STAFF,2025-12-26,2025-12-27,A1,,465,510,113
EUR,TCDX,STAFF,2025-12-26,2025-12-27,C1,,53,90,38
EUR,KGDX,STAFF,2025-12-26,2025-12-27,A1,,450,495,105
EUR,KGDX,STAFF,2025-12-26,2025-12-27,C1,,53,90,38
EUR,KINGR,STAFF,2025-12-26,2025-12-27,A1,,428,473,105
EUR,KINGR,STAFF,2025-12-26,2025-12-27,C1,,53,90,38
EUR,TWDD,STAFF,2025-12-26,2025-12-27,A1,,390,435,98
EUR,TWDD,STAFF,2025-12-26,2025-12-27,C1,,53,90,38
EUR,TWSP,STAFF,2025-12-26,2025-12-27,A1,,375,420,98
EUR,TWSP,STAFF,2025-12-26,2025-12-27,C1,,53,90,38
EUR,A2KB,STAFF,2025-12-26,2025-12-27,A1,,855,918,180
EUR,A2KB,STAFF,2025-12-26,2025-12-27,C1,,61,104,44
EUR,A1KB,BB,2025-12-26,2025-12-27,A1,,1325,1415,320
EUR,A1KB,BB,2025-12-26,2025-12-27,C1,,140,215,110
EUR,KCST,BB,2025-12-26,2025-12-27,A1,,1220,1310,305
EUR,KCST,BB,2025-12-26,2025-12-27,C1,,140,215,110
EUR,KGST,BB,2025-12-26,2025-12-27,A1,,1145,1235,290
EUR,KGST,BB,2025-12-26,2025-12-27,C1,,140,215,110
EUR,TWDX,BB,2025-12-26,2025-12-27,A1,,1040,1130,275
EUR,TWDX,BB,2025-12-26,2025-12-27,C1,,140,215,110
EUR,KCDX,BB,2025-12-26,2025-12-27,A1,,995,1085,260
EUR,KCDX,BB,2025-12-26,2025-12-27,C1,,140,215,110
EUR,TCDX,BB,2025-12-26,2025-12-27,A1,,965,1055,260
EUR,TCDX,BB,2025-12-26,2025-12-27,C1,,140,215,110
EUR,KGDX,BB,2025-12-26,2025-12-27,A1,,935,1025,245
EUR,KGDX,BB,2025-12-26,2025-12-27,C1,,140,215,110
EUR,KINGR,BB,2025-12-26,2025-12-27,A1,,890,980,245
EUR,KINGR,BB,2025-12-26,2025-12-27,C1,,140,215,110
EUR,TWDD,BB,2025-12-26,2025-12-27,A1,,815,905,230
EUR,TWDD,BB,2025-12-26,2025-12-27,C1,,140,215,110
EUR,TWSP,BB,2025-12-26,2025-12-27,A1,,785,875,230
EUR,TWSP,BB,2025-12-26,2025-12-27,C1,,140,215,110
EUR,A2KB,BB,2025-12-26,2025-12-27,A1,,1745,1871,395
EUR,A2KB,BB,2025-12-26,2025-12-27,C1,,157,242,122
EUR,A1KB,WEL3,2025-12-26,2025-12-27,A1,,1742,1863,385
EUR,A1KB,WEL3,2025-12-26,2025-12-27,C1,,142,243,101
EUR,KCST,WEL3,2025-12-26,2025-12-27,A1,,1600,1721,365
EUR,KCST,WEL3,2025-12-26,2025-12-27,C1,,142,243,101
EUR,KGST,WEL3,2025-12-26,2025-12-27,A1,,1499,1620,344
EUR,KGST,WEL3,2025-12-26,2025-12-27,C1,,142,243,101
EUR,TWDX,WEL3,2025-12-26,2025-12-27,A1,,1357,1478,324
EUR,TWDX,WEL3,2025-12-26,2025-12-27,C1,,142,243,101
EUR,KCDX,WEL3,2025-12-26,2025-12-27,A1,,1296,1418,304
EUR,KCDX,WEL3,2025-12-26,2025-12-27,C1,,142,243,101
EUR,TCDX,WEL3,2025-12-26,2025-12-27,A1,,1256,1377,304
EUR,TCDX,WEL3,2025-12-26,2025-12-27,C1,,142,243,101
EUR,KGDX,WEL3,2025-12-26,2025-12-27,A1,,1215,1337,284
EUR,KGDX,WEL3,2025-12-26,2025-12-27,C1,,142,243,101
EUR,KINGR,WEL3,2025-12-26,2025-12-27,A1,,1154,1276,284
EUR,KINGR,WEL3,2025-12-26,2025-12-27,C1,,142,243,101
EUR,TWDD,WEL3,2025-12-26,2025-12-27,A1,,1053,1175,263
EUR,TWDD,WEL3,2025-12-26,2025-12-27,C1,,142,243,101
EUR,TWSP,WEL3,2025-12-26,2025-12-27,A1,,1013,1134,263
EUR,TWSP,WEL3,2025-12-26,2025-12-27,C1,,142,243,101
EUR,A2KB,WEL3,2025-12-26,2025-12-27,A1,,2309,2479,486
EUR,A2KB,WEL3,2025-12-26,2025-12-27,C1,,165,279,117
EUR,A1KB,HB,2025-12-26,2025-12-27,A1,,1433,1522,428
EUR,A1KB,HB,2025-12-26,2025-12-27,C1,,173,248,143
EUR,KCST,HB,2025-12-26,2025-12-27,A1,,1328,1418,413
EUR,KCST,HB,2025-12-26,2025-12-27,C1,,173,248,143
EUR,KGST,HB,2025-12-26,2025-12-27,A1,,1253,1343,398
EUR,KGST,HB,2025-12-26,2025-12-27,C1,,173,248,143
EUR,TWDX,HB,2025-12-26,2025-12-27,A1,,1148,1238,383
EUR,TWDX,HB,2025-12-26,2025-12-27,C1,,173,248,143
EUR,KCDX,HB,2025-12-26,2025-12-27,A1,,1103,1193,368
EUR,KCDX,HB,2025-12-26,2025-12-27,C1,,173,248,143
EUR,TCDX,HB,2025-12-26,2025-12-27,A1,,1073,1163,368
EUR,TCDX,HB,2025-12-26,2025-12-27,C1,,173,248,143
EUR,KGDX,HB,2025-12-26,2025-12-27,A1,,1043,1133,353
EUR,KGDX,HB,2025-12-26,2025-12-27,C1,,173,248,143
EUR,KINGR,HB,2025-12-26,2025-12-27,A1,,998,1088,353
EUR,KINGR,HB,2025-12-26,2025-12-27,C1,,173,248,143
EUR,TWDD,HB,2025-12-26,2025-12-27,A1,,923,1013,338
EUR,TWDD,HB,2025-12-26,2025-12-27,C1,,173,248,143
EUR,TWSP,HB,2025-12-26,2025-12-27,A1,,893,983,338
EUR,TWSP,HB,2025-12-26,2025-12-27,C1,,173,248,143
EUR,A2KB,HB,2025-12-26,2025-12-27,A1,,1852,1979,503
EUR,A2KB,HB,2025-12-26,2025-12-27,C1,,190,275,162
EUR,A1KB,WEL,2025-12-26,2025-12-27,A1,,1410,1500,405
EUR,A1KB,WEL,2025-12-26,2025-12-27,C1,,165,240,135
EUR,KCST,WEL,2025-12-26,2025-12-27,A1,,1305,1395,390
EUR,KCST,WEL,2025-12-26,2025-12-27,C1,,165,240,135
EUR,KGST,WEL,2025-12-26,2025-12-27,A1,,1230,1320,375
EUR,KGST,WEL,2025-12-26,2025-12-27,C1,,165,240,135
EUR,TWDX,WEL,2025-12-26,2025-12-27,A1,,1125,1215,360
EUR,TWDX,WEL,2025-12-26,2025-12-27,C1,,165,240,135
EUR,KCDX,WEL,2025-12-26,2025-12-27,A1,,1080,1170,345
EUR,KCDX,WEL,2025-12-26,2025-12-27,C1,,165,240,135
EUR,TCDX,WEL,2025-12-26,2025-12-27,A1,,1050,1140,345
EUR,TCDX,WEL,2025-12-26,2025-12-27,C1,,165,240,135
EUR,KGDX,WEL,2025-12-26,2025-12-27,A1,,1020,1110,330
EUR,KGDX,WEL,2025-12-26,2025-12-27,C1,,165,240,135
EUR,KINGR,WEL,2025-12-26,2025-12-27,A1,,975,1065,330
EUR,KINGR,WEL,2025-12-26,2025-12-27,C1,,165,240,135
EUR,TWDD,WEL,2025-12-26,2025-12-27,A1,,900,990,315
EUR,TWDD,WEL,2025-12-26,2025-12-27,C1,,165,240,135
EUR,TWSP,WEL,2025-12-26,2025-12-27,A1,,870,960,315
EUR,TWSP,WEL,2025-12-26,2025-12-27,C1,,165,240,135
EUR,A2KB,WEL,2025-12-26,2025-12-27,A1,,1830,1956,480
EUR,A2KB,WEL,2025-12-26,2025-12-27,C1,,182,267,155
EUR,A1KB,GRPBASE,2025-12-26,2025-12-27,A1,,903,966,200
EUR,A1KB,GRPBASE,2025-12-26,2025-12-27,C1,,74,126,53
EUR,KCST,GRPBASE,2025-12-26,2025-12-27,A1,,830,893,189
EUR,KCST,GRPBASE,2025-12-26,2025-12-27,C1,,74,126,53
EUR,KGST,GRPBASE,2025-12-26,2025-12-27,A1,,777,840,179
EUR,KGST,GRPBASE,2025-12-26,2025-12-27,C1,,74,126,53
EUR,TWDX,GRPBASE,2025-12-26,2025-12-27,A1,,704,767,168
EUR,TWDX,GRPBASE,2025-12-26,2025-12-27,C1,,74,126,53
EUR,KCDX,GRPBASE,2025-12-26,2025-12-27,A1,,672,735,158
EUR,KCDX,GRPBASE,2025-12-26,2025-12-27,C1,,74,126,53
EUR,TCDX,GRPBASE,2025-12-26,2025-12-27,A1,,651,714,158
EUR,TCDX,GRPBASE,2025-12-26,2025-12-27,C1,,74,126,53
EUR,KGDX,GRPBASE,2025-12-26,2025-12-27,A1,,630,693,147
EUR,KGDX,GRPBASE,2025-12-26,2025-12-27,C1,,74,126,53
EUR,KINGR,GRPBASE,2025-12-26,2025-12-27,A1,,599,662,147
EUR,KINGR,GRPBASE,2025-12-26,2025-12-27,C1,,74,126,53
EUR,TWDD,GRPBASE,2025-12-26,2025-12-27,A1,,546,609,137
EUR,TWDD,GRPBASE,2025-12-26,2025-12-27,C1,,74,126,53
EUR,TWSP,GRPBASE,2025-12-26,2025-12-27,A1,,525,588,137
EUR,TWSP,GRPBASE,2025-12-26,2025-12-27,C1,,74,126,53
EUR,A2KB,GRPBASE,2025-12-26,2025-12-27,A1,,1197,1286,252
EUR,A2KB,GRPBASE,2025-12-26,2025-12-27,C1,,86,146,62
EUR,A1KB,SUHB,2025-12-26,2025-12-27,A1,,1791,1903,535
EUR,A1KB,SUHB,2025-12-26,2025-12-27,C1,,216,310,179
EUR,KCST,SUHB,2025-12-26,2025-12-27,A1,,1660,1773,516
EUR,KCST,SUHB,2025-12-26,2025-12-27,C1,,216,310,179
EUR,KGST,SUHB,2025-12-26,2025-12-27,A1,,1566,1679,498
EUR,KGST,SUHB,2025-12-26,2025-12-27,C1,,216,310,179
EUR,TWDX,SUHB,2025-12-26,2025-12-27,A1,,1435,1548,479
EUR,TWDX,SUHB,2025-12-26,2025-12-27,C1,,216,310,179
EUR,KCDX,SUHB,2025-12-26,2025-12-27,A1,,1379,1491,460
EUR,KCDX,SUHB,2025-12-26,2025-12-27,C1,,216,310,179
EUR,TCDX,SUHB,2025-12-26,2025-12-27,A1,,1341,1454,460
EUR,TCDX,SUHB,2025-12-26,2025-12-27,C1,,216,310,179
EUR,KGDX,SUHB,2025-12-26,2025-12-27,A1,,1304,1416,441
EUR,KGDX,SUHB,2025-12-26,2025-12-27,C1,,216,310,179
EUR,KINGR,SUHB,2025-12-26,2025-12-27,A1,,1248,1360,441
EUR,KINGR,SUHB,2025-12-26,2025-12-27,C1,,216,310,179
EUR,TWDD,SUHB,2025-12-26,2025-12-27,A1,,1154,1266,423
EUR,TWDD,SUHB,2025-12-26,2025-12-27,C1,,216,310,179
EUR,TWSP,SUHB,2025-12-26,2025-12-27,A1,,1116,1229,423
EUR,TWSP,SUHB,2025-12-26,2025-12-27,C1,,216,310,179
EUR,A2KB,SUHB,2025-12-26,2025-12-27,A1,,2315,2474,629
EUR,A2KB,SUHB,2025-12-26,2025-12-27,C1,,238,344,203
EUR,A1KB,GRPHIG,2025-12-26,2025-12-27,,1207,,,
EUR,KCST,GRPHIG,2025-12-26,2025-12-27,,1116,,,
EUR,KGST,GRPHIG,2025-12-26,2025-12-27,,1050,,,
EUR,TWDX,GRPHIG,2025-12-26,2025-12-27,,958,,,
EUR,KCDX,GRPHIG,2025-12-26,2025-12-27,,919,,,
EUR,TCDX,GRPHIG,2025-12-26,2025-12-27,,893,,,
EUR,KGDX,GRPHIG,2025-12-26,2025-12-27,,866,,,
EUR,KINGR,GRPHIG,2025-12-26,2025-12-27,,827,,,
EUR,TWDD,GRPHIG,2025-12-26,2025-12-27,,761,,,
EUR,TWSP,GRPHIG,2025-12-26,2025-12-27,,735,,,
EUR,PRE,GRPHIG,2025-12-26,2025-12-27,,27563,,,
EUR,A2KB,GRPHIG,2025-12-26,2025-12-27,,1607,,,
EUR,PRE,BAR00,2025-12-27,2025-12-28,,31500,,,
EUR,A1KB,BAR00,2025-12-27,2025-12-28,,1380,,,
EUR,KCST,BAR00,2025-12-27,2025-12-28,,1275,,,
EUR,KGST,BAR00,2025-12-27,2025-12-28,,1200,,,
EUR,TWDX,BAR00,2025-12-27,2025-12-28,,1095,,,
EUR,KCDX,BAR00,2025-12-27,2025-12-28,,1050,,,
EUR,TCDX,BAR00,2025-12-27,2025-12-28,,1020,,,
EUR,KGDX,BAR00,2025-12-27,2025-12-28,,990,,,
EUR,KINGR,BAR00,2025-12-27,2025-12-28,,945,,,
EUR,TWDD,BAR00,2025-12-27,2025-12-28,,870,,,
EUR,TWSP,BAR00,2025-12-27,2025-12-28,,840,,,
EUR,A2KB,BAR00,2025-12-27,2025-12-28,,1836,,,
EUR,A1KB,BAREX,2025-12-27,2025-12-28,,1725,,,
EUR,KCST,BAREX,2025-12-27,2025-12-28,,1594,,,
EUR,KGST,BAREX,2025-12-27,2025-12-28,,1500,,,
EUR,TWDX,BAREX,2025-12-27,2025-12-28,,1369,,,
EUR,KCDX,BAREX,2025-12-27,2025-12-28,,1313,,,
EUR,TCDX,BAREX,2025-12-27,2025-12-28,,1275,,,
EUR,KGDX,BAREX,2025-12-27,2025-12-28,,1238,,,
EUR,KINGR,BAREX,2025-12-27,2025-12-28,,1181,,,
EUR,TWDD,BAREX,2025-12-27,2025-12-28,,1088,,,
EUR,TWSP,BAREX,2025-12-27,2025-12-28,,1050,,,
EUR,PRE,BAREX,2025-12-27,2025-12-28,,39375,,,
EUR,A2KB,BAREX,2025-12-27,2025-12-28,,2295,,,
EUR,A1KB,RACK,2025-12-27,2025-12-28,,1863,,,
EUR,KCST,RACK,2025-12-27,2025-12-28,,1721,,,
EUR,KGST,RACK,2025-12-27,2025-12-28,,1620,,,
EUR,TWDX,RACK,2025-12-27,2025-12-28,,1478,,,
EUR,KCDX,RACK,2025-12-27,2025-12-28,,1418,,,
EUR,TCDX,RACK,2025-12-27,2025-12-28,,1377,,,
EUR,KGDX,RACK,2025-12-27,2025-12-28,,1337,,,
EUR,KINGR,RACK,2025-12-27,2025-12-28,,1276,,,
EUR,TWDD,RACK,2025-12-27,2025-12-28,,1175,,,
EUR,TWSP,RACK,2025-12-27,2025-12-28,,1134,,,
EUR,PRE,RACK,2025-12-27,2025-12-28,,42525,,,
EUR,A2KB,RACK,2025-12-27,2025-12-28,,2479,,,
EUR,A1KB,CORL25,2025-12-27,2025-12-28,,1035,,,
EUR,KCST,CORL25,2025-12-27,2025-12-28,,956,,,
EUR,KGST,CORL25,2025-12-27,2025-12-28,,900,,,
EUR,TWDX,CORL25,2025-12-27,2025-12-28,,821,,,
EUR,KCDX,CORL25,2025-12-27,2025-12-28,,788,,,
EUR,TCDX,CORL25,2025-12-27,2025-12-28,,765,,,
EUR,KGDX,CORL25,2025-12-27,2025-12-28,,743,,,
EUR,KINGR,CORL25,2025-12-27,2025-12-28,,709,,,
EUR,TWDD,CORL25,2025-12-27,2025-12-28,,653,,,
EUR,TWSP,CORL25,2025-12-27,2025-12-28,,630,,,
EUR,PRE,CORL25,2025-12-27,2025-12-28,,23625,,,
EUR,A2KB,CORL25,2025-12-27,2025-12-28,,1377,,,
EUR,A1KB,WAL,2025-12-27,2025-12-28,,1173,,,
EUR,KCST,WAL,2025-12-27,2025-12-28,,1084,,,
EUR,KGST,WAL,2025-12-27,2025-12-28,,1020,,,
EUR,TWDX,WAL,2025-12-27,2025-12-28,,931,,,
EUR,KCDX,WAL,2025-12-27,2025-12-28,,893,,,
EUR,TCDX,WAL,2025-12-27,2025-12-28,,867,,,
EUR,KGDX,WAL,2025-12-27,2025-12-28,,842,,,
EUR,KINGR,WAL,2025-12-27,2025-12-28,,803,,,
EUR,TWDD,WAL,2025-12-27,2025-12-28,,740,,,
EUR,TWSP,WAL,2025-12-27,2025-12-28,,714,,,
EUR,PRE,WAL,2025-12-27,2025-12-28,,26775,,,
EUR,A2KB,WAL,2025-12-27,2025-12-28,,1561,,,
EUR,A1KB,BARAPT,2025-12-27,2025-12-28,,1932,,,
EUR,A2KB,BARAPT,2025-12-27,2025-12-28,,2570,,,
EUR,KCST,BARSUIT,2025-12-27,2025-12-28,,1594,,,
EUR,KGST,BARSUIT,2025-12-27,2025-12-28,,1500,,,
EUR,PRE,BARSUIT,2025-12-27,2025-12-28,,39375,,,
EUR,A1KB,OPQ,2025-12-27,2025-12-28,A1,,1032,1104,228
EUR,A1KB,OPQ,2025-12-27,2025-12-28,C1,,84,144,60
EUR,KCST,OPQ,2025-12-27,2025-12-28,A1,,948,1020,216
EUR,KCST,OPQ,2025-12-27,2025-12-28,C1,,84,144,60
EUR,KGST,OPQ,2025-12-27,2025-12-28,A1,,888,960,204
EUR,KGST,OPQ,2025-12-27,2025-12-28,C1,,84,144,60
EUR,TWDX,OPQ,2025-12-27,2025-12-28,A1,,804,876,192
EUR,TWDX,OPQ,2025-12-27,2025-12-28,C1,,84,144,60
EUR,KCDX,OPQ,2025-12-27,2025-12-28,A1,,768,840,180
EUR,KCDX,OPQ,2025-12-27,2025-12-28,C1,,84,144,60
EUR,TCDX,OPQ,2025-12-27,2025-12-28,A1,,744,816,180
EUR,TCDX,OPQ,2025-12-27,2025-12-28,C1,,84,144,60
EUR,KGDX,OPQ,2025-12-27,2025-12-28,A1,,720,792,168
EUR,KGDX,OPQ,2025-12-27,2025-12-28,C1,,84,144,60
EUR,KINGR,OPQ,2025-12-27,2025-12-28,A1,,684,756,168
EUR,KINGR,OPQ,2025-12-27,2025-12-28,C1,,84,144,60
EUR,TWDD,OPQ,2025-12-27,2025-12-28,A1,,624,696,156
EUR,TWDD,OPQ,2025-12-27,2025-12-28,C1,,84,144,60
EUR,TWSP,OPQ,2025-12-27,2025-12-28,A1,,600,672,156
EUR,TWSP,OPQ,2025-12-27,2025-12-28,C1,,84,144,60
EUR,A2KB,OPQ,2025-12-27,2025-12-28,A1,,1368,1469,288
EUR,A2KB,OPQ,2025-12-27,2025-12-28,C1,,98,166,70
EUR,A1KB,STAFF,2025-12-27,2025-12-28,A1,,645,690,143
EUR,A1KB,STAFF,2025-12-27,2025-12-28,C1,,53,90,38
EUR,KCST,STAFF,2025-12-27,2025-12-28,A1,,593,638,135
EUR,KCST,STAFF,2025-12-27,2025-12-28,C1,,53,90,38
EUR,KGST,STAFF,2025-12-27,2025-12-28,A1,,555,600,128
EUR,KGST,STAFF,2025-12-27,2025-12-28,C1,,53,90,38
EUR,TWDX,STAFF,2025-12-27,2025-12-28,A1,,503,548,120
EUR,TWDX,STAFF,2025-12-27,2025-12-28,C1,,53,90,38
EUR,KCDX,STAFF,2025-12-27,2025-12-28,A1,,480,525,113
EUR,KCDX,STAFF,2025-12-27,2025-12-28,C1,,53,90,38
EUR,TCDX,STAFF,2025-12-27,2025-12-28,A1,,465,510,113
EUR,TCDX,STAFF,2025-12-27,2025-12-28,C1,,53,90,38
EUR,KGDX,STAFF,2025-12-27,2025-12-28,A1,,450,495,105
EUR,KGDX,STAFF,2025-12-27,2025-12-28,C1,,53,90,38
EUR,KINGR,STAFF,2025-12-27,2025-12-28,A1,,428,473,105
EUR,KINGR,STAFF,2025-12-27,2025-12-28,C1,,53,90,38
EUR,TWDD,STAFF,2025-12-27,2025-12-28,A1,,390,435,98
EUR,TWDD,STAFF,2025-12-27,2025-12-28,C1,,53,90,38
EUR,TWSP,STAFF,2025-12-27,2025-12-28,A1,,375,420,98
EUR,TWSP,STAFF,2025-12-27,2025-12-28,C1,,53,90,38
EUR,A2KB,STAFF,2025-12-27,2025-12-28,A1,,855,918,180
EUR,A2KB,STAFF,2025-12-27,2025-12-28,C1,,61,104,44
EUR,A1KB,BB,2025-12-27,2025-12-28,A1,,1325,1415,320
EUR,A1KB,BB,2025-12-27,2025-12-28,C1,,140,215,110
EUR,KCST,BB,2025-12-27,2025-12-28,A1,,1220,1310,305
EUR,KCST,BB,2025-12-27,2025-12-28,C1,,140,215,110
EUR,KGST,BB,2025-12-27,2025-12-28,A1,,1145,1235,290
EUR,KGST,BB,2025-12-27,2025-12-28,C1,,140,215,110
EUR,TWDX,BB,2025-12-27,2025-12-28,A1,,1040,1130,275
EUR,TWDX,BB,2025-12-27,2025-12-28,C1,,140,215,110
EUR,KCDX,BB,2025-12-27,2025-12-28,A1,,995,1085,260
EUR,KCDX,BB,2025-12-27,2025-12-28,C1,,140,215,110
EUR,TCDX,BB,2025-12-27,2025-12-28,A1,,965,1055,260
EUR,TCDX,BB,2025-12-27,2025-12-28,C1,,140,215,110
EUR,KGDX,BB,2025-12-27,2025-12-28,A1,,935,1025,245
EUR,KGDX,BB,2025-12-27,2025-12-28,C1,,140,215,110
EUR,KINGR,BB,2025-12-27,2025-12-28,A1,,890,980,245
EUR,KINGR,BB,2025-12-27,2025-12-28,C1,,140,215,110
EUR,TWDD,BB,2025-12-27,2025-12-28,A1,,815,905,230
EUR,TWDD,BB,2025-12-27,2025-12-28,C1,,140,215,110
EUR,TWSP,BB,2025-12-27,2025-12-28,A1,,785,875,230
EUR,TWSP,BB,2025-12-27,2025-12-28,C1,,140,215,110
EUR,A2KB,BB,2025-12-27,2025-12-28,A1,,1745,1871,395
EUR,A2KB,BB,2025-12-27,2025-12-28,C1,,157,242,122
EUR,A1KB,WEL3,2025-12-27,2025-12-28,A1,,1742,1863,385
EUR,A1KB,WEL3,2025-12-27,2025-12-28,C1,,142,243,101
EUR,KCST,WEL3,2025-12-27,2025-12-28,A1,,1600,1721,365
EUR,KCST,WEL3,2025-12-27,2025-12-28,C1,,142,243,101
EUR,KGST,WEL3,2025-12-27,2025-12-28,A1,,1499,1620,344
EUR,KGST,WEL3,2025-12-27,2025-12-28,C1,,142,243,101
EUR,TWDX,WEL3,2025-12-27,2025-12-28,A1,,1357,1478,324
EUR,TWDX,WEL3,2025-12-27,2025-12-28,C1,,142,243,101
EUR,KCDX,WEL3,2025-12-27,2025-12-28,A1,,1296,1418,304
EUR,KCDX,WEL3,2025-12-27,2025-12-28,C1,,142,243,101
EUR,TCDX,WEL3,2025-12-27,2025-12-28,A1,,1256,1377,304
EUR,TCDX,WEL3,2025-12-27,2025-12-28,C1,,142,243,101
EUR,KGDX,WEL3,2025-12-27,2025-12-28,A1,,1215,1337,284
EUR,KGDX,WEL3,2025-12-27,2025-12-28,C1,,142,243,101
EUR,KINGR,WEL3,2025-12-27,2025-12-28,A1,,1154,1276,284
EUR,KINGR,WEL3,2025-12-27,2025-12-28,C1,,142,243,101
EUR,TWDD,WEL3,2025-12-27,2025-12-28,A1,,1053,1175,263
EUR,TWDD,WEL3,2025-12-27,2025-12-28,C1,,142,243,101
EUR,TWSP,WEL3,2025-12-27,2025-12-28,A1,,1013,1134,263
EUR,TWSP,WEL3,2025-12-27,2025-12-28,C1,,142,243,101
EUR,A2KB,WEL3,2025-12-27,2025-12-28,A1,,2309,2479,486
EUR,A2KB,WEL3,2025-12-27,2025-12-28,C1,,165,279,117
EUR,A1KB,HB,2025-12-27,2025-12-28,A1,,1433,1522,428
EUR,A1KB,HB,2025-12-27,2025-12-28,C1,,173,248,143
EUR,KCST,HB,2025-12-27,2025-12-28,A1,,1328,1418,413
EUR,KCST,HB,2025-12-27,2025-12-28,C1,,173,248,143
EUR,KGST,HB,2025-12-27,2025-12-28,A1,,1253,1343,398
EUR,KGST,HB,2025-12-27,2025-12-28,C1,,173,248,143
EUR,TWDX,HB,2025-12-27,2025-12-28,A1,,1148,1238,383
EUR,TWDX,HB,2025-12-27,2025-12-28,C1,,173,248,143
EUR,KCDX,HB,2025-12-27,2025-12-28,A1,,1103,1193,368
EUR,KCDX,HB,2025-12-27,2025-12-28,C1,,173,248,143
EUR,TCDX,HB,2025-12-27,2025-12-28,A1,,1073,1163,368
EUR,TCDX,HB,2025-12-27,2025-12-28,C1,,173,248,143
EUR,KGDX,HB,2025-12-27,2025-12-28,A1,,1043,1133,353
EUR,KGDX,HB,2025-12-27,2025-12-28,C1,,173,248,143
EUR,KINGR,HB,2025-12-27,2025-12-28,A1,,998,1088,353
EUR,KINGR,HB,2025-12-27,2025-12-28,C1,,173,248,143
EUR,TWDD,HB,2025-12-27,2025-12-28,A1,,923,1013,338
EUR,TWDD,HB,2025-12-27,2025-12-28,C1,,173,248,143
EUR,TWSP,HB,2025-12-27,2025-12-28,A1,,893,983,338
EUR,TWSP,HB,2025-12-27,2025-12-28,C1,,173,248,143
EUR,A2KB,HB,2025-12-27,2025-12-28,A1,,1852,1979,503
EUR,A2KB,HB,2025-12-27,2025-12-28,C1,,190,275,162
EUR,A1KB,WEL,2025-12-27,2025-12-28,A1,,1410,1500,405
EUR,A1KB,WEL,2025-12-27,2025-12-28,C1,,165,240,135
EUR,KCST,WEL,2025-12-27,2025-12-28,A1,,1305,1395,390
EUR,KCST,WEL,2025-12-27,2025-12-28,C1,,165,240,135
EUR,KGST,WEL,2025-12-27,2025-12-28,A1,,1230,1320,375
EUR,KGST,WEL,2025-12-27,2025-12-28,C1,,165,240,135
EUR,TWDX,WEL,2025-12-27,2025-12-28,A1,,1125,1215,360
EUR,TWDX,WEL,2025-12-27,2025-12-28,C1,,165,240,135
EUR,KCDX,WEL,2025-12-27,2025-12-28,A1,,1080,1170,345
EUR,KCDX,WEL,2025-12-27,2025-12-28,C1,,165,240,135
EUR,TCDX,WEL,2025-12-27,2025-12-28,A1,,1050,1140,345
EUR,TCDX,WEL,2025-12-27,2025-12-28,C1,,165,240,135
EUR,KGDX,WEL,2025-12-27,2025-12-28,A1,,1020,1110,330
EUR,KGDX,WEL,2025-12-27,2025-12-28,C1,,165,240,135
EUR,KINGR,WEL,2025-12-27,2025-12-28,A1,,975,1065,330
EUR,KINGR,WEL,2025-12-27,2025-12-28,C1,,165,240,135
EUR,TWDD,WEL,2025-12-27,2025-12-28,A1,,900,990,315
EUR,TWDD,WEL,2025-12-27,2025-12-28,C1,,165,240,135
EUR,TWSP,WEL,2025-12-27,2025-12-28,A1,,870,960,315
EUR,TWSP,WEL,2025-12-27,2025-12-28,C1,,165,240,135
EUR,A2KB,WEL,2025-12-27,2025-12-28,A1,,1830,1956,480
EUR,A2KB,WEL,2025-12-27,2025-12-28,C1,,182,267,155
EUR,A1KB,GRPBASE,2025-12-27,2025-12-28,A1,,903,966,200
EUR,A1KB,GRPBASE,2025-12-27,2025-12-28,C1,,74,126,53
EUR,KCST,GRPBASE,2025-12-27,2025-12-28,A1,,830,893,189
EUR,KCST,GRPBASE,2025-12-27,2025-12-28,C1,,74,126,53
EUR,KGST,GRPBASE,2025-12-27,2025-12-28,A1,,777,840,179
EUR,KGST,GRPBASE,2025-12-27,2025-12-28,C1,,74,126,53
EUR,TWDX,GRPBASE,2025-12-27,2025-12-28,A1,,704,767,168
EUR,TWDX,GRPBASE,2025-12-27,2025-12-28,C1,,74,126,53
EUR,KCDX,GRPBASE,2025-12-27,2025-12-28,A1,,672,735,158
EUR,KCDX,GRPBASE,2025-12-27,2025-12-28,C1,,74,126,53
EUR,TCDX,GRPBASE,2025-12-27,2025-12-28,A1,,651,714,158
EUR,TCDX,GRPBASE,2025-12-27,2025-12-28,C1,,74,126,53
EUR,KGDX,GRPBASE,2025-12-27,2025-12-28,A1,,630,693,147
EUR,KGDX,GRPBASE,2025-12-27,2025-12-28,C1,,74,126,53
EUR,KINGR,GRPBASE,2025-12-27,2025-12-28,A1,,599,662,147
EUR,KINGR,GRPBASE,2025-12-27,2025-12-28,C1,,74,126,53
EUR,TWDD,GRPBASE,2025-12-27,2025-12-28,A1,,546,609,137
EUR,TWDD,GRPBASE,2025-12-27,2025-12-28,C1,,74,126,53
EUR,TWSP,GRPBASE,2025-12-27,2025-12-28,A1,,525,588,137
EUR,TWSP,GRPBASE,2025-12-27,2025-12-28,C1,,74,126,53
EUR,A2KB,GRPBASE,2025-12-27,2025-12-28,A1,,1197,1286,252
EUR,A2KB,GRPBASE,2025-12-27,2025-12-28,C1,,86,146,62
EUR,A1KB,SUHB,2025-12-27,2025-12-28,A1,,1791,1903,535
EUR,A1KB,SUHB,2025-12-27,2025-12-28,C1,,216,310,179
EUR,KCST,SUHB,2025-12-27,2025-12-28,A1,,1660,1773,516
EUR,KCST,SUHB,2025-12-27,2025-12-28,C1,,216,310,179
EUR,KGST,SUHB,2025-12-27,2025-12-28,A1,,1566,1679,498
EUR,KGST,SUHB,2025-12-27,2025-12-28,C1,,216,310,179
EUR,TWDX,SUHB,2025-12-27,2025-12-28,A1,,1435,1548,479
EUR,TWDX,SUHB,2025-12-27,2025-12-28,C1,,216,310,179
EUR,KCDX,SUHB,2025-12-27,2025-12-28,A1,,1379,1491,460
EUR,KCDX,SUHB,2025-12-27,2025-12-28,C1,,216,310,179
EUR,TCDX,SUHB,2025-12-27,2025-12-28,A1,,1341,1454,460
EUR,TCDX,SUHB,2025-12-27,2025-12-28,C1,,216,310,179
EUR,KGDX,SUHB,2025-12-27,2025-12-28,A1,,1304,1416,441
EUR,KGDX,SUHB,2025-12-27,2025-12-28,C1,,216,310,179
EUR,KINGR,SUHB,2025-12-27,2025-12-28,A1,,1248,1360,441
EUR,KINGR,SUHB,2025-12-27,2025-12-28,C1,,216,310,179
EUR,TWDD,SUHB,2025-12-27,2025-12-28,A1,,1154,1266,423
EUR,TWDD,SUHB,2025-12-27,2025-12-28,C1,,216,310,179
EUR,TWSP,SUHB,2025-12-27,2025-12-28,A1,,1116,1229,423
EUR,TWSP,SUHB,2025-12-27,2025-12-28,C1,,216,310,179
EUR,A2KB,SUHB,2025-12-27,2025-12-28,A1,,2315,2474,629
EUR,A2KB,SUHB,2025-12-27,2025-12-28,C1,,238,344,203
EUR,A1KB,GRPHIG,2025-12-27,2025-12-28,,1207,,,
EUR,KCST,GRPHIG,2025-12-27,2025-12-28,,1116,,,
EUR,KGST,GRPHIG,2025-12-27,2025-12-28,,1050,,,
EUR,TWDX,GRPHIG,2025-12-27,2025-12-28,,958,,,
EUR,KCDX,GRPHIG,2025-12-27,2025-12-28,,919,,,
EUR,TCDX,GRPHIG,2025-12-27,2025-12-28,,893,,,
EUR,KGDX,GRPHIG,2025-12-27,2025-12-28,,866,,,
EUR,KINGR,GRPHIG,2025-12-27,2025-12-28,,827,,,
EUR,TWDD,GRPHIG,2025-12-27,2025-12-28,,761,,,
EUR,TWSP,GRPHIG,2025-12-27,2025-12-28,,735,,,
EUR,PRE,GRPHIG,2025-12-27,2025-12-28,,27563,,,
EUR,A2KB,GRPHIG,2025-12-27,2025-12-28,,1607,,,
EUR,PRE,BAR00,2025-12-28,2025-12-29,,31500,,,
EUR,A1KB,BAR00,2025-12-28,2025-12-29,,1380,,,
EUR,KCST,BAR00,2025-12-28,2025-12-29,,1275,,,
EUR,KGST,BAR00,2025-12-28,2025-12-29,,1200,,,
EUR,TWDX,BAR00,2025-12-28,2025-12-29,,1095,,,
EUR,KCDX,BAR00,2025-12-28,2025-12-29,,1050,,,
EUR,TCDX,BAR00,2025-12-28,2025-12-29,,1020,,,
EUR,KGDX,BAR00,2025-12-28,2025-12-29,,990,,,
EUR,KINGR,BAR00,2025-12-28,2025-12-29,,945,,,
EUR,TWDD,BAR00,2025-12-28,2025-12-29,,870,,,
EUR,TWSP,BAR00,2025-12-28,2025-12-29,,840,,,
EUR,A2KB,BAR00,2025-12-28,2025-12-29,,1836,,,
EUR,A1KB,BAREX,2025-12-28,2025-12-29,,1725,,,
EUR,KCST,BAREX,2025-12-28,2025-12-29,,1594,,,
EUR,KGST,BAREX,2025-12-28,2025-12-29,,1500,,,
EUR,TWDX,BAREX,2025-12-28,2025-12-29,,1369,,,
EUR,KCDX,BAREX,2025-12-28,2025-12-29,,1313,,,
EUR,TCDX,BAREX,2025-12-28,2025-12-29,,1275,,,
EUR,KGDX,BAREX,2025-12-28,2025-12-29,,1238,,,
EUR,KINGR,BAREX,2025-12-28,2025-12-29,,1181,,,
EUR,TWDD,BAREX,2025-12-28,2025-12-29,,1088,,,
EUR,TWSP,BAREX,2025-12-28,2025-12-29,,1050,,,
EUR,PRE,BAREX,2025-12-28,2025-12-29,,39375,,,
EUR,A2KB,BAREX,2025-12-28,2025-12-29,,2295,,,
EUR,A1KB,RACK,2025-12-28,2025-12-29,,1863,,,
EUR,KCST,RACK,2025-12-28,2025-12-29,,1721,,,
EUR,KGST,RACK,2025-12-28,2025-12-29,,1620,,,
EUR,TWDX,RACK,2025-12-28,2025-12-29,,1478,,,
EUR,KCDX,RACK,2025-12-28,2025-12-29,,1418,,,
EUR,TCDX,RACK,2025-12-28,2025-12-29,,1377,,,
EUR,KGDX,RACK,2025-12-28,2025-12-29,,1337,,,
EUR,KINGR,RACK,2025-12-28,2025-12-29,,1276,,,
EUR,TWDD,RACK,2025-12-28,2025-12-29,,1175,,,
EUR,TWSP,RACK,2025-12-28,2025-12-29,,1134,,,
EUR,PRE,RACK,2025-12-28,2025-12-29,,42525,,,
EUR,A2KB,RACK,2025-12-28,2025-12-29,,2479,,,
EUR,A1KB,CORL25,2025-12-28,2025-12-29,,1035,,,
EUR,KCST,CORL25,2025-12-28,2025-12-29,,956,,,
EUR,KGST,CORL25,2025-12-28,2025-12-29,,900,,,
EUR,TWDX,CORL25,2025-12-28,2025-12-29,,821,,,
EUR,KCDX,CORL25,2025-12-28,2025-12-29,,788,,,
EUR,TCDX,CORL25,2025-12-28,2025-12-29,,765,,,
EUR,KGDX,CORL25,2025-12-28,2025-12-29,,743,,,
EUR,KINGR,CORL25,2025-12-28,2025-12-29,,709,,,
EUR,TWDD,CORL25,2025-12-28,2025-12-29,,653,,,
EUR,TWSP,CORL25,2025-12-28,2025-12-29,,630,,,
EUR,PRE,CORL25,2025-12-28,2025-12-29,,23625,,,
EUR,A2KB,CORL25,2025-12-28,2025-12-29,,1377,,,
EUR,A1KB,WAL,2025-12-28,2025-12-29,,1173,,,
EUR,KCST,WAL,2025-12-28,2025-12-29,,1084,,,
EUR,KGST,WAL,2025-12-28,2025-12-29,,1020,,,
EUR,TWDX,WAL,2025-12-28,2025-12-29,,931,,,
EUR,KCDX,WAL,2025-12-28,2025-12-29,,893,,,
EUR,TCDX,WAL,2025-12-28,2025-12-29,,867,,,
EUR,KGDX,WAL,2025-12-28,2025-12-29,,842,,,
EUR,KINGR,WAL,2025-12-28,2025-12-29,,803,,,
EUR,TWDD,WAL,2025-12-28,2025-12-29,,740,,,
EUR,TWSP,WAL,2025-12-28,2025-12-29,,714,,,
EUR,PRE,WAL,2025-12-28,2025-12-29,,26775,,,
EUR,A2KB,WAL,2025-12-28,2025-12-29,,1561,,,
EUR,A1KB,BARAPT,2025-12-28,2025-12-29,,1932,,,
EUR,A2KB,BARAPT,2025-12-28,2025-12-29,,2570,,,
EUR,KCST,BARSUIT,2025-12-28,2025-12-29,,1594,,,
EUR,KGST,BARSUIT,2025-12-28,2025-12-29,,1500,,,
EUR,PRE,BARSUIT,2025-12-28,2025-12-29,,39375,,,
EUR,A1KB,OPQ,2025-12-28,2025-12-29,A1,,1032,1104,228
EUR,A1KB,OPQ,2025-12-28,2025-12-29,C1,,84,144,60
EUR,KCST,OPQ,2025-12-28,2025-12-29,A1,,948,1020,216
EUR,KCST,OPQ,2025-12-28,2025-12-29,C1,,84,144,60
EUR,KGST,OPQ,2025-12-28,2025-12-29,A1,,888,960,204
EUR,KGST,OPQ,2025-12-28,2025-12-29,C1,,84,144,60
EUR,TWDX,OPQ,2025-12-28,2025-12-29,A1,,804,876,192
EUR,TWDX,OPQ,2025-12-28,2025-12-29,C1,,84,144,60
EUR,KCDX,OPQ,2025-12-28,2025-12-29,A1,,768,840,180
EUR,KCDX,OPQ,2025-12-28,2025-12-29,C1,,84,144,60
EUR,TCDX,OPQ,2025-12-28,2025-12-29,A1,,744,816,180
EUR,TCDX,OPQ,2025-12-28,2025-12-29,C1,,84,144,60
EUR,KGDX,OPQ,2025-12-28,2025-12-29,A1,,720,792,168
EUR,KGDX,OPQ,2025-12-28,2025-12-29,C1,,84,144,60
EUR,KINGR,OPQ,2025-12-28,2025-12-29,A1,,684,756,168
EUR,KINGR,OPQ,2025-12-28,2025-12-29,C1,,84,144,60
EUR,TWDD,OPQ,2025-12-28,2025-12-29,A1,,624,696,156
EUR,TWDD,OPQ,2025-12-28,2025-12-29,C1,,84,144,60
EUR,TWSP,OPQ,2025-12-28,2025-12-29,A1,,600,672,156
EUR,TWSP,OPQ,2025-12-28,2025-12-29,C1,,84,144,60
EUR,A2KB,OPQ,2025-12-28,2025-12-29,A1,,1368,1469,288
EUR,A2KB,OPQ,2025-12-28,2025-12-29,C1,,98,166,70
EUR,A1KB,STAFF,2025-12-28,2025-12-29,A1,,645,690,143
EUR,A1KB,STAFF,2025-12-28,2025-12-29,C1,,53,90,38
EUR,KCST,STAFF,2025-12-28,2025-12-29,A1,,593,638,135
EUR,KCST,STAFF,2025-12-28,2025-12-29,C1,,53,90,38
EUR,KGST,STAFF,2025-12-28,2025-12-29,A1,,555,600,128
EUR,KGST,STAFF,2025-12-28,2025-12-29,C1,,53,90,38
EUR,TWDX,STAFF,2025-12-28,2025-12-29,A1,,503,548,120
EUR,TWDX,STAFF,2025-12-28,2025-12-29,C1,,53,90,38
EUR,KCDX,STAFF,2025-12-28,2025-12-29,A1,,480,525,113
EUR,KCDX,STAFF,2025-12-28,2025-12-29,C1,,53,90,38
EUR,TCDX,STAFF,2025-12-28,2025-12-29,A1,,465,510,113
EUR,TCDX,STAFF,2025-12-28,2025-12-29,C1,,53,90,38
EUR,KGDX,STAFF,2025-12-28,2025-12-29,A1,,450,495,105
EUR,KGDX,STAFF,2025-12-28,2025-12-29,C1,,53,90,38
EUR,KINGR,STAFF,2025-12-28,2025-12-29,A1,,428,473,105
EUR,KINGR,STAFF,2025-12-28,2025-12-29,C1,,53,90,38
EUR,TWDD,STAFF,2025-12-28,2025-12-29,A1,,390,435,98
EUR,TWDD,STAFF,2025-12-28,2025-12-29,C1,,53,90,38
EUR,TWSP,STAFF,2025-12-28,2025-12-29,A1,,375,420,98
EUR,TWSP,STAFF,2025-12-28,2025-12-29,C1,,53,90,38
EUR,A2KB,STAFF,2025-12-28,2025-12-29,A1,,855,918,180
EUR,A2KB,STAFF,2025-12-28,2025-12-29,C1,,61,104,44
EUR,A1KB,BB,2025-12-28,2025-12-29,A1,,1325,1415,320
EUR,A1KB,BB,2025-12-28,2025-12-29,C1,,140,215,110
EUR,KCST,BB,2025-12-28,2025-12-29,A1,,1220,1310,305
EUR,KCST,BB,2025-12-28,2025-12-29,C1,,140,215,110
EUR,KGST,BB,2025-12-28,2025-12-29,A1,,1145,1235,290
EUR,KGST,BB,2025-12-28,2025-12-29,C1,,140,215,110
EUR,TWDX,BB,2025-12-28,2025-12-29,A1,,1040,1130,275
EUR,TWDX,BB,2025-12-28,2025-12-29,C1,,140,215,110
EUR,KCDX,BB,2025-12-28,2025-12-29,A1,,995,1085,260
EUR,KCDX,BB,2025-12-28,2025-12-29,C1,,140,215,110
EUR,TCDX,BB,2025-12-28,2025-12-29,A1,,965,1055,260
EUR,TCDX,BB,2025-12-28,2025-12-29,C1,,140,215,110
EUR,KGDX,BB,2025-12-28,2025-12-29,A1,,935,1025,245
EUR,KGDX,BB,2025-12-28,2025-12-29,C1,,140,215,110
EUR,KINGR,BB,2025-12-28,2025-12-29,A1,,890,980,245
EUR,KINGR,BB,2025-12-28,2025-12-29,C1,,140,215,110
EUR,TWDD,BB,2025-12-28,2025-12-29,A1,,815,905,230
EUR,TWDD,BB,2025-12-28,2025-12-29,C1,,140,215,110
EUR,TWSP,BB,2025-12-28,2025-12-29,A1,,785,875,230
EUR,TWSP,BB,2025-12-28,2025-12-29,C1,,140,215,110
EUR,A2KB,BB,2025-12-28,2025-12-29,A1,,1745,1871,395
EUR,A2KB,BB,2025-12-28,2025-12-29,C1,,157,242,122
EUR,A1KB,HB,2025-12-28,2025-12-29,A1,,1433,1522,428
EUR,A1KB,HB,2025-12-28,2025-12-29,C1,,173,248,143
EUR,KCST,HB,2025-12-28,2025-12-29,A1,,1328,1418,413
EUR,KCST,HB,2025-12-28,2025-12-29,C1,,173,248,143
EUR,KGST,HB,2025-12-28,2025-12-29,A1,,1253,1343,398
EUR,KGST,HB,2025-12-28,2025-12-29,C1,,173,248,143
EUR,TWDX,HB,2025-12-28,2025-12-29,A1,,1148,1238,383
EUR,TWDX,HB,2025-12-28,2025-12-29,C1,,173,248,143
EUR,KCDX,HB,2025-12-28,2025-12-29,A1,,1103,1193,368
EUR,KCDX,HB,2025-12-28,2025-12-29,C1,,173,248,143
EUR,TCDX,HB,2025-12-28,2025-12-29,A1,,1073,1163,368
EUR,TCDX,HB,2025-12-28,2025-12-29,C1,,173,248,143
EUR,KGDX,HB,2025-12-28,2025-12-29,A1,,1043,1133,353
EUR,KGDX,HB,2025-12-28,2025-12-29,C1,,173,248,143
EUR,KINGR,HB,2025-12-28,2025-12-29,A1,,998,1088,353
EUR,KINGR,HB,2025-12-28,2025-12-29,C1,,173,248,143
EUR,TWDD,HB,2025-12-28,2025-12-29,A1,,923,1013,338
EUR,TWDD,HB,2025-12-28,2025-12-29,C1,,173,248,143
EUR,TWSP,HB,2025-12-28,2025-12-29,A1,,893,983,338
EUR,TWSP,HB,2025-12-28,2025-12-29,C1,,173,248,143
EUR,A2KB,HB,2025-12-28,2025-12-29,A1,,1852,1979,503
EUR,A2KB,HB,2025-12-28,2025-12-29,C1,,190,275,162
EUR,A1KB,WEL,2025-12-28,2025-12-29,A1,,1410,1500,405
EUR,A1KB,WEL,2025-12-28,2025-12-29,C1,,165,240,135
EUR,KCST,WEL,2025-12-28,2025-12-29,A1,,1305,1395,390
EUR,KCST,WEL,2025-12-28,2025-12-29,C1,,165,240,135
EUR,KGST,WEL,2025-12-28,2025-12-29,A1,,1230,1320,375
EUR,KGST,WEL,2025-12-28,2025-12-29,C1,,165,240,135
EUR,TWDX,WEL,2025-12-28,2025-12-29,A1,,1125,1215,360
EUR,TWDX,WEL,2025-12-28,2025-12-29,C1,,165,240,135
EUR,KCDX,WEL,2025-12-28,2025-12-29,A1,,1080,1170,345
EUR,KCDX,WEL,2025-12-28,2025-12-29,C1,,165,240,135
EUR,TCDX,WEL,2025-12-28,2025-12-29,A1,,1050,1140,345
EUR,TCDX,WEL,2025-12-28,2025-12-29,C1,,165,240,135
EUR,KGDX,WEL,2025-12-28,2025-12-29,A1,,1020,1110,330
EUR,KGDX,WEL,2025-12-28,2025-12-29,C1,,165,240,135
EUR,KINGR,WEL,2025-12-28,2025-12-29,A1,,975,1065,330
EUR,KINGR,WEL,2025-12-28,2025-12-29,C1,,165,240,135
EUR,TWDD,WEL,2025-12-28,2025-12-29,A1,,900,990,315
EUR,TWDD,WEL,2025-12-28,2025-12-29,C1,,165,240,135
EUR,TWSP,WEL,2025-12-28,2025-12-29,A1,,870,960,315
EUR,TWSP,WEL,2025-12-28,2025-12-29,C1,,165,240,135
EUR,A2KB,WEL,2025-12-28,2025-12-29,A1,,1830,1956,480
EUR,A2KB,WEL,2025-12-28,2025-12-29,C1,,182,267,155
EUR,A1KB,GRPBASE,2025-12-28,2025-12-29,A1,,903,966,200
EUR,A1KB,GRPBASE,2025-12-28,2025-12-29,C1,,74,126,53
EUR,KCST,GRPBASE,2025-12-28,2025-12-29,A1,,830,893,189
EUR,KCST,GRPBASE,2025-12-28,2025-12-29,C1,,74,126,53
EUR,KGST,GRPBASE,2025-12-28,2025-12-29,A1,,777,840,179
EUR,KGST,GRPBASE,2025-12-28,2025-12-29,C1,,74,126,53
EUR,TWDX,GRPBASE,2025-12-28,2025-12-29,A1,,704,767,168
EUR,TWDX,GRPBASE,2025-12-28,2025-12-29,C1,,74,126,53
EUR,KCDX,GRPBASE,2025-12-28,2025-12-29,A1,,672,735,158
EUR,KCDX,GRPBASE,2025-12-28,2025-12-29,C1,,74,126,53
EUR,TCDX,GRPBASE,2025-12-28,2025-12-29,A1,,651,714,158
EUR,TCDX,GRPBASE,2025-12-28,2025-12-29,C1,,74,126,53
EUR,KGDX,GRPBASE,2025-12-28,2025-12-29,A1,,630,693,147
EUR,KGDX,GRPBASE,2025-12-28,2025-12-29,C1,,74,126,53
EUR,KINGR,GRPBASE,2025-12-28,2025-12-29,A1,,599,662,147
EUR,KINGR,GRPBASE,2025-12-28,2025-12-29,C1,,74,126,53
EUR,TWDD,GRPBASE,2025-12-28,2025-12-29,A1,,546,609,137
EUR,TWDD,GRPBASE,2025-12-28,2025-12-29,C1,,74,126,53
EUR,TWSP,GRPBASE,2025-12-28,2025-12-29,A1,,525,588,137
EUR,TWSP,GRPBASE,2025-12-28,2025-12-29,C1,,74,126,53
EUR,A2KB,GRPBASE,2025-12-28,2025-12-29,A1,,1197,1286,252
EUR,A2KB,GRPBASE,2025-12-28,2025-12-29,C1,,86,146,62
EUR,A1KB,SUHB,2025-12-28,2025-12-29,A1,,1791,1903,535
EUR,A1KB,SUHB,2025-12-28,2025-12-29,C1,,216,310,179
EUR,KCST,SUHB,2025-12-28,2025-12-29,A1,,1660,1773,516
EUR,KCST,SUHB,2025-12-28,2025-12-29,C1,,216,310,179
EUR,KGST,SUHB,2025-12-28,2025-12-29,A1,,1566,1679,498
EUR,KGST,SUHB,2025-12-28,2025-12-29,C1,,216,310,179
EUR,TWDX,SUHB,2025-12-28,2025-12-29,A1,,1435,1548,479
EUR,TWDX,SUHB,2025-12-28,2025-12-29,C1,,216,310,179
EUR,KCDX,SUHB,2025-12-28,2025-12-29,A1,,1379,1491,460
EUR,KCDX,SUHB,2025-12-28,2025-12-29,C1,,216,310,179
EUR,TCDX,SUHB,2025-12-28,2025-12-29,A1,,1341,1454,460
EUR,TCDX,SUHB,2025-12-28,2025-12-29,C1,,216,310,179
EUR,KGDX,SUHB,2025-12-28,2025-12-29,A1,,1304,1416,441
EUR,KGDX,SUHB,2025-12-28,2025-12-29,C1,,216,310,179
EUR,KINGR,SUHB,2025-12-28,2025-12-29,A1,,1248,1360,441
EUR,KINGR,SUHB,2025-12-28,2025-12-29,C1,,216,310,179
EUR,TWDD,SUHB,2025-12-28,2025-12-29,A1,,1154,1266,423
EUR,TWDD,SUHB,2025-12-28,2025-12-29,C1,,216,310,179
EUR,TWSP,SUHB,2025-12-28,2025-12-29,A1,,1116,1229,423
EUR,TWSP,SUHB,2025-12-28,2025-12-29,C1,,216,310,179
EUR,A2KB,SUHB,2025-12-28,2025-12-29,A1,,2315,2474,629
EUR,A2KB,SUHB,2025-12-28,2025-12-29,C1,,238,344,203
EUR,A1KB,GRPHIG,2025-12-28,2025-12-29,,1207,,,
EUR,KCST,GRPHIG,2025-12-28,2025-12-29,,1116,,,
EUR,KGST,GRPHIG,2025-12-28,2025-12-29,,1050,,,
EUR,TWDX,GRPHIG,2025-12-28,2025-12-29,,958,,,
EUR,KCDX,GRPHIG,2025-12-28,2025-12-29,,919,,,
EUR,TCDX,GRPHIG,2025-12-28,2025-12-29,,893,,,
EUR,KGDX,GRPHIG,2025-12-28,2025-12-29,,866,,,
EUR,KINGR,GRPHIG,2025-12-28,2025-12-29,,827,,,
EUR,TWDD,GRPHIG,2025-12-28,2025-12-29,,761,,,
EUR,TWSP,GRPHIG,2025-12-28,2025-12-29,,735,,,
EUR,PRE,GRPHIG,2025-12-28,2025-12-29,,27563,,,
EUR,A2KB,GRPHIG,2025-12-28,2025-12-29,,1607,,,
EUR,PRE,BAR00,2025-12-29,2025-12-30,,31500,,,
EUR,A1KB,BAR00,2025-12-29,2025-12-30,,1380,,,
EUR,KCST,BAR00,2025-12-29,2025-12-30,,1275,,,
EUR,KGST,BAR00,2025-12-29,2025-12-30,,1200,,,
EUR,TWDX,BAR00,2025-12-29,2025-12-30,,1095,,,
EUR,KCDX,BAR00,2025-12-29,2025-12-30,,1050,,,
EUR,TCDX,BAR00,2025-12-29,2025-12-30,,1020,,,
EUR,KGDX,BAR00,2025-12-29,2025-12-30,,990,,,
EUR,KINGR,BAR00,2025-12-29,2025-12-30,,945,,,
EUR,TWDD,BAR00,2025-12-29,2025-12-30,,870,,,
EUR,TWSP,BAR00,2025-12-29,2025-12-30,,840,,,
EUR,A2KB,BAR00,2025-12-29,2025-12-30,,1836,,,
EUR,A1KB,BAREX,2025-12-29,2025-12-30,,1725,,,
EUR,KCST,BAREX,2025-12-29,2025-12-30,,1594,,,
EUR,KGST,BAREX,2025-12-29,2025-12-30,,1500,,,
EUR,TWDX,BAREX,2025-12-29,2025-12-30,,1369,,,
EUR,KCDX,BAREX,2025-12-29,2025-12-30,,1313,,,
EUR,TCDX,BAREX,2025-12-29,2025-12-30,,1275,,,
EUR,KGDX,BAREX,2025-12-29,2025-12-30,,1238,,,
EUR,KINGR,BAREX,2025-12-29,2025-12-30,,1181,,,
EUR,TWDD,BAREX,2025-12-29,2025-12-30,,1088,,,
EUR,TWSP,BAREX,2025-12-29,2025-12-30,,1050,,,
EUR,PRE,BAREX,2025-12-29,2025-12-30,,39375,,,
EUR,A2KB,BAREX,2025-12-29,2025-12-30,,2295,,,
EUR,A1KB,RACK,2025-12-29,2025-12-30,,1863,,,
EUR,KCST,RACK,2025-12-29,2025-12-30,,1721,,,
EUR,KGST,RACK,2025-12-29,2025-12-30,,1620,,,
EUR,TWDX,RACK,2025-12-29,2025-12-30,,1478,,,
EUR,KCDX,RACK,2025-12-29,2025-12-30,,1418,,,
EUR,TCDX,RACK,2025-12-29,2025-12-30,,1377,,,
EUR,KGDX,RACK,2025-12-29,2025-12-30,,1337,,,
EUR,KINGR,RACK,2025-12-29,2025-12-30,,1276,,,
EUR,TWDD,RACK,2025-12-29,2025-12-30,,1175,,,
EUR,TWSP,RACK,2025-12-29,2025-12-30,,1134,,,
EUR,PRE,RACK,2025-12-29,2025-12-30,,42525,,,
EUR,A2KB,RACK,2025-12-29,2025-12-30,,2479,,,
EUR,A1KB,CORL25,2025-12-29,2025-12-30,,1035,,,
EUR,KCST,CORL25,2025-12-29,2025-12-30,,956,,,
EUR,KGST,CORL25,2025-12-29,2025-12-30,,900,,,
EUR,TWDX,CORL25,2025-12-29,2025-12-30,,821,,,
EUR,KCDX,CORL25,2025-12-29,2025-12-30,,788,,,
EUR,TCDX,CORL25,2025-12-29,2025-12-30,,765,,,
EUR,KGDX,CORL25,2025-12-29,2025-12-30,,743,,,
EUR,KINGR,CORL25,2025-12-29,2025-12-30,,709,,,
EUR,TWDD,CORL25,2025-12-29,2025-12-30,,653,,,
EUR,TWSP,CORL25,2025-12-29,2025-12-30,,630,,,
EUR,PRE,CORL25,2025-12-29,2025-12-30,,23625,,,
EUR,A2KB,CORL25,2025-12-29,2025-12-30,,1377,,,
EUR,A1KB,WAL,2025-12-29,2025-12-30,,1173,,,
EUR,KCST,WAL,2025-12-29,2025-12-30,,1084,,,
EUR,KGST,WAL,2025-12-29,2025-12-30,,1020,,,
EUR,TWDX,WAL,2025-12-29,2025-12-30,,931,,,
EUR,KCDX,WAL,2025-12-29,2025-12-30,,893,,,
EUR,TCDX,WAL,2025-12-29,2025-12-30,,867,,,
EUR,KGDX,WAL,2025-12-29,2025-12-30,,842,,,
EUR,KINGR,WAL,2025-12-29,2025-12-30,,803,,,
EUR,TWDD,WAL,2025-12-29,2025-12-30,,740,,,
EUR,TWSP,WAL,2025-12-29,2025-12-30,,714,,,
EUR,PRE,WAL,2025-12-29,2025-12-30,,26775,,,
EUR,A2KB,WAL,2025-12-29,2025-12-30,,1561,,,
EUR,A1KB,BARAPT,2025-12-29,2025-12-30,,1932,,,
EUR,A2KB,BARAPT,2025-12-29,2025-12-30,,2570,,,
EUR,KCST,BARSUIT,2025-12-29,2025-12-30,,1594,,,
EUR,KGST,BARSUIT,2025-12-29,2025-12-30,,1500,,,
EUR,PRE,BARSUIT,2025-12-29,2025-12-30,,39375,,,
EUR,A1KB,OPQ,2025-12-29,2025-12-30,A1,,1032,1104,228
EUR,A1KB,OPQ,2025-12-29,2025-12-30,C1,,84,144,60
EUR,KCST,OPQ,2025-12-29,2025-12-30,A1,,948,1020,216
EUR,KCST,OPQ,2025-12-29,2025-12-30,C1,,84,144,60
EUR,KGST,OPQ,2025-12-29,2025-12-30,A1,,888,960,204
EUR,KGST,OPQ,2025-12-29,2025-12-30,C1,,84,144,60
EUR,TWDX,OPQ,2025-12-29,2025-12-30,A1,,804,876,192
EUR,TWDX,OPQ,2025-12-29,2025-12-30,C1,,84,144,60
EUR,KCDX,OPQ,2025-12-29,2025-12-30,A1,,768,840,180
EUR,KCDX,OPQ,2025-12-29,2025-12-30,C1,,84,144,60
EUR,TCDX,OPQ,2025-12-29,2025-12-30,A1,,744,816,180
EUR,TCDX,OPQ,2025-12-29,2025-12-30,C1,,84,144,60
EUR,KGDX,OPQ,2025-12-29,2025-12-30,A1,,720,792,168
EUR,KGDX,OPQ,2025-12-29,2025-12-30,C1,,84,144,60
EUR,KINGR,OPQ,2025-12-29,2025-12-30,A1,,684,756,168
EUR,KINGR,OPQ,2025-12-29,2025-12-30,C1,,84,144,60
EUR,TWDD,OPQ,2025-12-29,2025-12-30,A1,,624,696,156
EUR,TWDD,OPQ,2025-12-29,2025-12-30,C1,,84,144,60
EUR,TWSP,OPQ,2025-12-29,2025-12-30,A1,,600,672,156
EUR,TWSP,OPQ,2025-12-29,2025-12-30,C1,,84,144,60
EUR,A2KB,OPQ,2025-12-29,2025-12-30,A1,,1368,1469,288
EUR,A2KB,OPQ,2025-12-29,2025-12-30,C1,,98,166,70
EUR,A1KB,STAFF,2025-12-29,2025-12-30,A1,,645,690,143
EUR,A1KB,STAFF,2025-12-29,2025-12-30,C1,,53,90,38
EUR,KCST,STAFF,2025-12-29,2025-12-30,A1,,593,638,135
EUR,KCST,STAFF,2025-12-29,2025-12-30,C1,,53,90,38
EUR,KGST,STAFF,2025-12-29,2025-12-30,A1,,555,600,128
EUR,KGST,STAFF,2025-12-29,2025-12-30,C1,,53,90,38
EUR,TWDX,STAFF,2025-12-29,2025-12-30,A1,,503,548,120
EUR,TWDX,STAFF,2025-12-29,2025-12-30,C1,,53,90,38
EUR,KCDX,STAFF,2025-12-29,2025-12-30,A1,,480,525,113
EUR,KCDX,STAFF,2025-12-29,2025-12-30,C1,,53,90,38
EUR,TCDX,STAFF,2025-12-29,2025-12-30,A1,,465,510,113
EUR,TCDX,STAFF,2025-12-29,2025-12-30,C1,,53,90,38
EUR,KGDX,STAFF,2025-12-29,2025-12-30,A1,,450,495,105
EUR,KGDX,STAFF,2025-12-29,2025-12-30,C1,,53,90,38
EUR,KINGR,STAFF,2025-12-29,2025-12-30,A1,,428,473,105
EUR,KINGR,STAFF,2025-12-29,2025-12-30,C1,,53,90,38
EUR,TWDD,STAFF,2025-12-29,2025-12-30,A1,,390,435,98
EUR,TWDD,STAFF,2025-12-29,2025-12-30,C1,,53,90,38
EUR,TWSP,STAFF,2025-12-29,2025-12-30,A1,,375,420,98
EUR,TWSP,STAFF,2025-12-29,2025-12-30,C1,,53,90,38
EUR,A2KB,STAFF,2025-12-29,2025-12-30,A1,,855,918,180
EUR,A2KB,STAFF,2025-12-29,2025-12-30,C1,,61,104,44
EUR,A1KB,BB,2025-12-29,2025-12-30,A1,,1325,1415,320
EUR,A1KB,BB,2025-12-29,2025-12-30,C1,,140,215,110
EUR,KCST,BB,2025-12-29,2025-12-30,A1,,1220,1310,305
EUR,KCST,BB,2025-12-29,2025-12-30,C1,,140,215,110
EUR,KGST,BB,2025-12-29,2025-12-30,A1,,1145,1235,290
EUR,KGST,BB,2025-12-29,2025-12-30,C1,,140,215,110
EUR,TWDX,BB,2025-12-29,2025-12-30,A1,,1040,1130,275
EUR,TWDX,BB,2025-12-29,2025-12-30,C1,,140,215,110
EUR,KCDX,BB,2025-12-29,2025-12-30,A1,,995,1085,260
EUR,KCDX,BB,2025-12-29,2025-12-30,C1,,140,215,110
EUR,TCDX,BB,2025-12-29,2025-12-30,A1,,965,1055,260
EUR,TCDX,BB,2025-12-29,2025-12-30,C1,,140,215,110
EUR,KGDX,BB,2025-12-29,2025-12-30,A1,,935,1025,245
EUR,KGDX,BB,2025-12-29,2025-12-30,C1,,140,215,110
EUR,KINGR,BB,2025-12-29,2025-12-30,A1,,890,980,245
EUR,KINGR,BB,2025-12-29,2025-12-30,C1,,140,215,110
EUR,TWDD,BB,2025-12-29,2025-12-30,A1,,815,905,230
EUR,TWDD,BB,2025-12-29,2025-12-30,C1,,140,215,110
EUR,TWSP,BB,2025-12-29,2025-12-30,A1,,785,875,230
EUR,TWSP,BB,2025-12-29,2025-12-30,C1,,140,215,110
EUR,A2KB,BB,2025-12-29,2025-12-30,A1,,1745,1871,395
EUR,A2KB,BB,2025-12-29,2025-12-30,C1,,157,242,122
EUR,A1KB,HB,2025-12-29,2025-12-30,A1,,1433,1522,428
EUR,A1KB,HB,2025-12-29,2025-12-30,C1,,173,248,143
EUR,KCST,HB,2025-12-29,2025-12-30,A1,,1328,1418,413
EUR,KCST,HB,2025-12-29,2025-12-30,C1,,173,248,143
EUR,KGST,HB,2025-12-29,2025-12-30,A1,,1253,1343,398
EUR,KGST,HB,2025-12-29,2025-12-30,C1,,173,248,143
EUR,TWDX,HB,2025-12-29,2025-12-30,A1,,1148,1238,383
EUR,TWDX,HB,2025-12-29,2025-12-30,C1,,173,248,143
EUR,KCDX,HB,2025-12-29,2025-12-30,A1,,1103,1193,368
EUR,KCDX,HB,2025-12-29,2025-12-30,C1,,173,248,143
EUR,TCDX,HB,2025-12-29,2025-12-30,A1,,1073,1163,368
EUR,TCDX,HB,2025-12-29,2025-12-30,C1,,173,248,143
EUR,KGDX,HB,2025-12-29,2025-12-30,A1,,1043,1133,353
EUR,KGDX,HB,2025-12-29,2025-12-30,C1,,173,248,143
EUR,KINGR,HB,2025-12-29,2025-12-30,A1,,998,1088,353
EUR,KINGR,HB,2025-12-29,2025-12-30,C1,,173,248,143
EUR,TWDD,HB,2025-12-29,2025-12-30,A1,,923,1013,338
EUR,TWDD,HB,2025-12-29,2025-12-30,C1,,173,248,143
EUR,TWSP,HB,2025-12-29,2025-12-30,A1,,893,983,338
EUR,TWSP,HB,2025-12-29,2025-12-30,C1,,173,248,143
EUR,A2KB,HB,2025-12-29,2025-12-30,A1,,1852,1979,503
EUR,A2KB,HB,2025-12-29,2025-12-30,C1,,190,275,162
EUR,A1KB,WEL,2025-12-29,2025-12-30,A1,,1410,1500,405
EUR,A1KB,WEL,2025-12-29,2025-12-30,C1,,165,240,135
EUR,KCST,WEL,2025-12-29,2025-12-30,A1,,1305,1395,390
EUR,KCST,WEL,2025-12-29,2025-12-30,C1,,165,240,135
EUR,KGST,WEL,2025-12-29,2025-12-30,A1,,1230,1320,375
EUR,KGST,WEL,2025-12-29,2025-12-30,C1,,165,240,135
EUR,TWDX,WEL,2025-12-29,2025-12-30,A1,,1125,1215,360
EUR,TWDX,WEL,2025-12-29,2025-12-30,C1,,165,240,135
EUR,KCDX,WEL,2025-12-29,2025-12-30,A1,,1080,1170,345
EUR,KCDX,WEL,2025-12-29,2025-12-30,C1,,165,240,135
EUR,TCDX,WEL,2025-12-29,2025-12-30,A1,,1050,1140,345
EUR,TCDX,WEL,2025-12-29,2025-12-30,C1,,165,240,135
EUR,KGDX,WEL,2025-12-29,2025-12-30,A1,,1020,1110,330
EUR,KGDX,WEL,2025-12-29,2025-12-30,C1,,165,240,135
EUR,KINGR,WEL,2025-12-29,2025-12-30,A1,,975,1065,330
EUR,KINGR,WEL,2025-12-29,2025-12-30,C1,,165,240,135
EUR,TWDD,WEL,2025-12-29,2025-12-30,A1,,900,990,315
EUR,TWDD,WEL,2025-12-29,2025-12-30,C1,,165,240,135
EUR,TWSP,WEL,2025-12-29,2025-12-30,A1,,870,960,315
EUR,TWSP,WEL,2025-12-29,2025-12-30,C1,,165,240,135
EUR,A2KB,WEL,2025-12-29,2025-12-30,A1,,1830,1956,480
EUR,A2KB,WEL,2025-12-29,2025-12-30,C1,,182,267,155
EUR,A1KB,GRPBASE,2025-12-29,2025-12-30,A1,,903,966,200
EUR,A1KB,GRPBASE,2025-12-29,2025-12-30,C1,,74,126,53
EUR,KCST,GRPBASE,2025-12-29,2025-12-30,A1,,830,893,189
EUR,KCST,GRPBASE,2025-12-29,2025-12-30,C1,,74,126,53
EUR,KGST,GRPBASE,2025-12-29,2025-12-30,A1,,777,840,179
EUR,KGST,GRPBASE,2025-12-29,2025-12-30,C1,,74,126,53
EUR,TWDX,GRPBASE,2025-12-29,2025-12-30,A1,,704,767,168
EUR,TWDX,GRPBASE,2025-12-29,2025-12-30,C1,,74,126,53
EUR,KCDX,GRPBASE,2025-12-29,2025-12-30,A1,,672,735,158
EUR,KCDX,GRPBASE,2025-12-29,2025-12-30,C1,,74,126,53
EUR,TCDX,GRPBASE,2025-12-29,2025-12-30,A1,,651,714,158
EUR,TCDX,GRPBASE,2025-12-29,2025-12-30,C1,,74,126,53
EUR,KGDX,GRPBASE,2025-12-29,2025-12-30,A1,,630,693,147
EUR,KGDX,GRPBASE,2025-12-29,2025-12-30,C1,,74,126,53
EUR,KINGR,GRPBASE,2025-12-29,2025-12-30,A1,,599,662,147
EUR,KINGR,GRPBASE,2025-12-29,2025-12-30,C1,,74,126,53
EUR,TWDD,GRPBASE,2025-12-29,2025-12-30,A1,,546,609,137
EUR,TWDD,GRPBASE,2025-12-29,2025-12-30,C1,,74,126,53
EUR,TWSP,GRPBASE,2025-12-29,2025-12-30,A1,,525,588,137
EUR,TWSP,GRPBASE,2025-12-29,2025-12-30,C1,,74,126,53
EUR,A2KB,GRPBASE,2025-12-29,2025-12-30,A1,,1197,1286,252
EUR,A2KB,GRPBASE,2025-12-29,2025-12-30,C1,,86,146,62
EUR,A1KB,SUHB,2025-12-29,2025-12-30,A1,,1791,1903,535
EUR,A1KB,SUHB,2025-12-29,2025-12-30,C1,,216,310,179
EUR,KCST,SUHB,2025-12-29,2025-12-30,A1,,1660,1773,516
EUR,KCST,SUHB,2025-12-29,2025-12-30,C1,,216,310,179
EUR,KGST,SUHB,2025-12-29,2025-12-30,A1,,1566,1679,498
EUR,KGST,SUHB,2025-12-29,2025-12-30,C1,,216,310,179
EUR,TWDX,SUHB,2025-12-29,2025-12-30,A1,,1435,1548,479
EUR,TWDX,SUHB,2025-12-29,2025-12-30,C1,,216,310,179
EUR,KCDX,SUHB,2025-12-29,2025-12-30,A1,,1379,1491,460
EUR,KCDX,SUHB,2025-12-29,2025-12-30,C1,,216,310,179
EUR,TCDX,SUHB,2025-12-29,2025-12-30,A1,,1341,1454,460
EUR,TCDX,SUHB,2025-12-29,2025-12-30,C1,,216,310,179
EUR,KGDX,SUHB,2025-12-29,2025-12-30,A1,,1304,1416,441
EUR,KGDX,SUHB,2025-12-29,2025-12-30,C1,,216,310,179
EUR,KINGR,SUHB,2025-12-29,2025-12-30,A1,,1248,1360,441
EUR,KINGR,SUHB,2025-12-29,2025-12-30,C1,,216,310,179
EUR,TWDD,SUHB,2025-12-29,2025-12-30,A1,,1154,1266,423
EUR,TWDD,SUHB,2025-12-29,2025-12-30,C1,,216,310,179
EUR,TWSP,SUHB,2025-12-29,2025-12-30,A1,,1116,1229,423
EUR,TWSP,SUHB,2025-12-29,2025-12-30,C1,,216,310,179
EUR,A2KB,SUHB,2025-12-29,2025-12-30,A1,,2315,2474,629
EUR,A2KB,SUHB,2025-12-29,2025-12-30,C1,,238,344,203
EUR,A1KB,GRPHIG,2025-12-29,2025-12-30,,1207,,,
EUR,KCST,GRPHIG,2025-12-29,2025-12-30,,1116,,,
EUR,KGST,GRPHIG,2025-12-29,2025-12-30,,1050,,,
EUR,TWDX,GRPHIG,2025-12-29,2025-12-30,,958,,,
EUR,KCDX,GRPHIG,2025-12-29,2025-12-30,,919,,,
EUR,TCDX,GRPHIG,2025-12-29,2025-12-30,,893,,,
EUR,KGDX,GRPHIG,2025-12-29,2025-12-30,,866,,,
EUR,KINGR,GRPHIG,2025-12-29,2025-12-30,,827,,,
EUR,TWDD,GRPHIG,2025-12-29,2025-12-30,,761,,,
EUR,TWSP,GRPHIG,2025-12-29,2025-12-30,,735,,,
EUR,PRE,GRPHIG,2025-12-29,2025-12-30,,27563,,,
EUR,A2KB,GRPHIG,2025-12-29,2025-12-30,,1607,,,
EUR,PRE,BAR00,2025-12-30,2025-12-31,,31500,,,
EUR,A1KB,BAR00,2025-12-30,2025-12-31,,1380,,,
EUR,KCST,BAR00,2025-12-30,2025-12-31,,1275,,,
EUR,KGST,BAR00,2025-12-30,2025-12-31,,1200,,,
EUR,TWDX,BAR00,2025-12-30,2025-12-31,,1095,,,
EUR,KCDX,BAR00,2025-12-30,2025-12-31,,1050,,,
EUR,TCDX,BAR00,2025-12-30,2025-12-31,,1020,,,
EUR,KGDX,BAR00,2025-12-30,2025-12-31,,990,,,
EUR,KINGR,BAR00,2025-12-30,2025-12-31,,945,,,
EUR,TWDD,BAR00,2025-12-30,2025-12-31,,870,,,
EUR,TWSP,BAR00,2025-12-30,2025-12-31,,840,,,
EUR,A2KB,BAR00,2025-12-30,2025-12-31,,1836,,,
EUR,A1KB,BAREX,2025-12-30,2025-12-31,,1725,,,
EUR,KCST,BAREX,2025-12-30,2025-12-31,,1594,,,
EUR,KGST,BAREX,2025-12-30,2025-12-31,,1500,,,
EUR,TWDX,BAREX,2025-12-30,2025-12-31,,1369,,,
EUR,KCDX,BAREX,2025-12-30,2025-12-31,,1313,,,
EUR,TCDX,BAREX,2025-12-30,2025-12-31,,1275,,,
EUR,KGDX,BAREX,2025-12-30,2025-12-31,,1238,,,
EUR,KINGR,BAREX,2025-12-30,2025-12-31,,1181,,,
EUR,TWDD,BAREX,2025-12-30,2025-12-31,,1088,,,
EUR,TWSP,BAREX,2025-12-30,2025-12-31,,1050,,,
EUR,PRE,BAREX,2025-12-30,2025-12-31,,39375,,,
EUR,A2KB,BAREX,2025-12-30,2025-12-31,,2295,,,
EUR,A1KB,RACK,2025-12-30,2025-12-31,,1863,,,
EUR,KCST,RACK,2025-12-30,2025-12-31,,1721,,,
EUR,KGST,RACK,2025-12-30,2025-12-31,,1620,,,
EUR,TWDX,RACK,2025-12-30,2025-12-31,,1478,,,
EUR,KCDX,RACK,2025-12-30,2025-12-31,,1418,,,
EUR,TCDX,RACK,2025-12-30,2025-12-31,,1377,,,
EUR,KGDX,RACK,2025-12-30,2025-12-31,,1337,,,
EUR,KINGR,RACK,2025-12-30,2025-12-31,,1276,,,
EUR,TWDD,RACK,2025-12-30,2025-12-31,,1175,,,
EUR,TWSP,RACK,2025-12-30,2025-12-31,,1134,,,
EUR,PRE,RACK,2025-12-30,2025-12-31,,42525,,,
EUR,A2KB,RACK,2025-12-30,2025-12-31,,2479,,,
EUR,A1KB,CORL25,2025-12-30,2025-12-31,,1035,,,
EUR,KCST,CORL25,2025-12-30,2025-12-31,,956,,,
EUR,KGST,CORL25,2025-12-30,2025-12-31,,900,,,
EUR,TWDX,CORL25,2025-12-30,2025-12-31,,821,,,
EUR,KCDX,CORL25,2025-12-30,2025-12-31,,788,,,
EUR,TCDX,CORL25,2025-12-30,2025-12-31,,765,,,
EUR,KGDX,CORL25,2025-12-30,2025-12-31,,743,,,
EUR,KINGR,CORL25,2025-12-30,2025-12-31,,709,,,
EUR,TWDD,CORL25,2025-12-30,2025-12-31,,653,,,
EUR,TWSP,CORL25,2025-12-30,2025-12-31,,630,,,
EUR,PRE,CORL25,2025-12-30,2025-12-31,,23625,,,
EUR,A2KB,CORL25,2025-12-30,2025-12-31,,1377,,,
EUR,A1KB,WAL,2025-12-30,2025-12-31,,1173,,,
EUR,KCST,WAL,2025-12-30,2025-12-31,,1084,,,
EUR,KGST,WAL,2025-12-30,2025-12-31,,1020,,,
EUR,TWDX,WAL,2025-12-30,2025-12-31,,931,,,
EUR,KCDX,WAL,2025-12-30,2025-12-31,,893,,,
EUR,TCDX,WAL,2025-12-30,2025-12-31,,867,,,
EUR,KGDX,WAL,2025-12-30,2025-12-31,,842,,,
EUR,KINGR,WAL,2025-12-30,2025-12-31,,803,,,
EUR,TWDD,WAL,2025-12-30,2025-12-31,,740,,,
EUR,TWSP,WAL,2025-12-30,2025-12-31,,714,,,
EUR,PRE,WAL,2025-12-30,2025-12-31,,26775,,,
EUR,A2KB,WAL,2025-12-30,2025-12-31,,1561,,,
EUR,A1KB,BARAPT,2025-12-30,2025-12-31,,1932,,,
EUR,A2KB,BARAPT,2025-12-30,2025-12-31,,2570,,,
EUR,KCST,BARSUIT,2025-12-30,2025-12-31,,1594,,,
EUR,KGST,BARSUIT,2025-12-30,2025-12-31,,1500,,,
EUR,PRE,BARSUIT,2025-12-30,2025-12-31,,39375,,,
EUR,A1KB,OPQ,2025-12-30,2025-12-31,A1,,1032,1104,228
EUR,A1KB,OPQ,2025-12-30,2025-12-31,C1,,84,144,60
EUR,KCST,OPQ,2025-12-30,2025-12-31,A1,,948,1020,216
EUR,KCST,OPQ,2025-12-30,2025-12-31,C1,,84,144,60
EUR,KGST,OPQ,2025-12-30,2025-12-31,A1,,888,960,204
EUR,KGST,OPQ,2025-12-30,2025-12-31,C1,,84,144,60
EUR,TWDX,OPQ,2025-12-30,2025-12-31,A1,,804,876,192
EUR,TWDX,OPQ,2025-12-30,2025-12-31,C1,,84,144,60
EUR,KCDX,OPQ,2025-12-30,2025-12-31,A1,,768,840,180
EUR,KCDX,OPQ,2025-12-30,2025-12-31,C1,,84,144,60
EUR,TCDX,OPQ,2025-12-30,2025-12-31,A1,,744,816,180
EUR,TCDX,OPQ,2025-12-30,2025-12-31,C1,,84,144,60
EUR,KGDX,OPQ,2025-12-30,2025-12-31,A1,,720,792,168
EUR,KGDX,OPQ,2025-12-30,2025-12-31,C1,,84,144,60
EUR,KINGR,OPQ,2025-12-30,2025-12-31,A1,,684,756,168
EUR,KINGR,OPQ,2025-12-30,2025-12-31,C1,,84,144,60
EUR,TWDD,OPQ,2025-12-30,2025-12-31,A1,,624,696,156
EUR,TWDD,OPQ,2025-12-30,2025-12-31,C1,,84,144,60
EUR,TWSP,OPQ,2025-12-30,2025-12-31,A1,,600,672,156
EUR,TWSP,OPQ,2025-12-30,2025-12-31,C1,,84,144,60
EUR,A2KB,OPQ,2025-12-30,2025-12-31,A1,,1368,1469,288
EUR,A2KB,OPQ,2025-12-30,2025-12-31,C1,,98,166,70
EUR,A1KB,STAFF,2025-12-30,2025-12-31,A1,,645,690,143
EUR,A1KB,STAFF,2025-12-30,2025-12-31,C1,,53,90,38
EUR,KCST,STAFF,2025-12-30,2025-12-31,A1,,593,638,135
EUR,KCST,STAFF,2025-12-30,2025-12-31,C1,,53,90,38
EUR,KGST,STAFF,2025-12-30,2025-12-31,A1,,555,600,128
EUR,KGST,STAFF,2025-12-30,2025-12-31,C1,,53,90,38
EUR,TWDX,STAFF,2025-12-30,2025-12-31,A1,,503,548,120
EUR,TWDX,STAFF,2025-12-30,2025-12-31,C1,,53,90,38
EUR,KCDX,STAFF,2025-12-30,2025-12-31,A1,,480,525,113
EUR,KCDX,STAFF,2025-12-30,2025-12-31,C1,,53,90,38
EUR,TCDX,STAFF,2025-12-30,2025-12-31,A1,,465,510,113
EUR,TCDX,STAFF,2025-12-30,2025-12-31,C1,,53,90,38
EUR,KGDX,STAFF,2025-12-30,2025-12-31,A1,,450,495,105
EUR,KGDX,STAFF,2025-12-30,2025-12-31,C1,,53,90,38
EUR,KINGR,STAFF,2025-12-30,2025-12-31,A1,,428,473,105
EUR,KINGR,STAFF,2025-12-30,2025-12-31,C1,,53,90,38
EUR,TWDD,STAFF,2025-12-30,2025-12-31,A1,,390,435,98
EUR,TWDD,STAFF,2025-12-30,2025-12-31,C1,,53,90,38
EUR,TWSP,STAFF,2025-12-30,2025-12-31,A1,,375,420,98
EUR,TWSP,STAFF,2025-12-30,2025-12-31,C1,,53,90,38
EUR,A2KB,STAFF,2025-12-30,2025-12-31,A1,,855,918,180
EUR,A2KB,STAFF,2025-12-30,2025-12-31,C1,,61,104,44
EUR,A1KB,BB,2025-12-30,2025-12-31,A1,,1325,1415,320
EUR,A1KB,BB,2025-12-30,2025-12-31,C1,,140,215,110
EUR,KCST,BB,2025-12-30,2025-12-31,A1,,1220,1310,305
EUR,KCST,BB,2025-12-30,2025-12-31,C1,,140,215,110
EUR,KGST,BB,2025-12-30,2025-12-31,A1,,1145,1235,290
EUR,KGST,BB,2025-12-30,2025-12-31,C1,,140,215,110
EUR,TWDX,BB,2025-12-30,2025-12-31,A1,,1040,1130,275
EUR,TWDX,BB,2025-12-30,2025-12-31,C1,,140,215,110
EUR,KCDX,BB,2025-12-30,2025-12-31,A1,,995,1085,260
EUR,KCDX,BB,2025-12-30,2025-12-31,C1,,140,215,110
EUR,TCDX,BB,2025-12-30,2025-12-31,A1,,965,1055,260
EUR,TCDX,BB,2025-12-30,2025-12-31,C1,,140,215,110
EUR,KGDX,BB,2025-12-30,2025-12-31,A1,,935,1025,245
EUR,KGDX,BB,2025-12-30,2025-12-31,C1,,140,215,110
EUR,KINGR,BB,2025-12-30,2025-12-31,A1,,890,980,245
EUR,KINGR,BB,2025-12-30,2025-12-31,C1,,140,215,110
EUR,TWDD,BB,2025-12-30,2025-12-31,A1,,815,905,230
EUR,TWDD,BB,2025-12-30,2025-12-31,C1,,140,215,110
EUR,TWSP,BB,2025-12-30,2025-12-31,A1,,785,875,230
EUR,TWSP,BB,2025-12-30,2025-12-31,C1,,140,215,110
EUR,A2KB,BB,2025-12-30,2025-12-31,A1,,1745,1871,395
EUR,A2KB,BB,2025-12-30,2025-12-31,C1,,157,242,122
EUR,A1KB,HB,2025-12-30,2025-12-31,A1,,1433,1522,428
EUR,A1KB,HB,2025-12-30,2025-12-31,C1,,173,248,143
EUR,KCST,HB,2025-12-30,2025-12-31,A1,,1328,1418,413
EUR,KCST,HB,2025-12-30,2025-12-31,C1,,173,248,143
EUR,KGST,HB,2025-12-30,2025-12-31,A1,,1253,1343,398
EUR,KGST,HB,2025-12-30,2025-12-31,C1,,173,248,143
EUR,TWDX,HB,2025-12-30,2025-12-31,A1,,1148,1238,383
EUR,TWDX,HB,2025-12-30,2025-12-31,C1,,173,248,143
EUR,KCDX,HB,2025-12-30,2025-12-31,A1,,1103,1193,368
EUR,KCDX,HB,2025-12-30,2025-12-31,C1,,173,248,143
EUR,TCDX,HB,2025-12-30,2025-12-31,A1,,1073,1163,368
EUR,TCDX,HB,2025-12-30,2025-12-31,C1,,173,248,143
EUR,KGDX,HB,2025-12-30,2025-12-31,A1,,1043,1133,353
EUR,KGDX,HB,2025-12-30,2025-12-31,C1,,173,248,143
EUR,KINGR,HB,2025-12-30,2025-12-31,A1,,998,1088,353
EUR,KINGR,HB,2025-12-30,2025-12-31,C1,,173,248,143
EUR,TWDD,HB,2025-12-30,2025-12-31,A1,,923,1013,338
EUR,TWDD,HB,2025-12-30,2025-12-31,C1,,173,248,143
EUR,TWSP,HB,2025-12-30,2025-12-31,A1,,893,983,338
EUR,TWSP,HB,2025-12-30,2025-12-31,C1,,173,248,143
EUR,A2KB,HB,2025-12-30,2025-12-31,A1,,1852,1979,503
EUR,A2KB,HB,2025-12-30,2025-12-31,C1,,190,275,162
EUR,A1KB,WEL,2025-12-30,2025-12-31,A1,,1410,1500,405
EUR,A1KB,WEL,2025-12-30,2025-12-31,C1,,165,240,135
EUR,KCST,WEL,2025-12-30,2025-12-31,A1,,1305,1395,390
EUR,KCST,WEL,2025-12-30,2025-12-31,C1,,165,240,135
EUR,KGST,WEL,2025-12-30,2025-12-31,A1,,1230,1320,375
EUR,KGST,WEL,2025-12-30,2025-12-31,C1,,165,240,135
EUR,TWDX,WEL,2025-12-30,2025-12-31,A1,,1125,1215,360
EUR,TWDX,WEL,2025-12-30,2025-12-31,C1,,165,240,135
EUR,KCDX,WEL,2025-12-30,2025-12-31,A1,,1080,1170,345
EUR,KCDX,WEL,2025-12-30,2025-12-31,C1,,165,240,135
EUR,TCDX,WEL,2025-12-30,2025-12-31,A1,,1050,1140,345
EUR,TCDX,WEL,2025-12-30,2025-12-31,C1,,165,240,135
EUR,KGDX,WEL,2025-12-30,2025-12-31,A1,,1020,1110,330
EUR,KGDX,WEL,2025-12-30,2025-12-31,C1,,165,240,135
EUR,KINGR,WEL,2025-12-30,2025-12-31,A1,,975,1065,330
EUR,KINGR,WEL,2025-12-30,2025-12-31,C1,,165,240,135
EUR,TWDD,WEL,2025-12-30,2025-12-31,A1,,900,990,315
EUR,TWDD,WEL,2025-12-30,2025-12-31,C1,,165,240,135
EUR,TWSP,WEL,2025-12-30,2025-12-31,A1,,870,960,315
EUR,TWSP,WEL,2025-12-30,2025-12-31,C1,,165,240,135
EUR,A2KB,WEL,2025-12-30,2025-12-31,A1,,1830,1956,480
EUR,A2KB,WEL,2025-12-30,2025-12-31,C1,,182,267,155
EUR,A1KB,GRPBASE,2025-12-30,2025-12-31,A1,,903,966,200
EUR,A1KB,GRPBASE,2025-12-30,2025-12-31,C1,,74,126,53
EUR,KCST,GRPBASE,2025-12-30,2025-12-31,A1,,830,893,189
EUR,KCST,GRPBASE,2025-12-30,2025-12-31,C1,,74,126,53
EUR,KGST,GRPBASE,2025-12-30,2025-12-31,A1,,777,840,179
EUR,KGST,GRPBASE,2025-12-30,2025-12-31,C1,,74,126,53
EUR,TWDX,GRPBASE,2025-12-30,2025-12-31,A1,,704,767,168
EUR,TWDX,GRPBASE,2025-12-30,2025-12-31,C1,,74,126,53
EUR,KCDX,GRPBASE,2025-12-30,2025-12-31,A1,,672,735,158
EUR,KCDX,GRPBASE,2025-12-30,2025-12-31,C1,,74,126,53
EUR,TCDX,GRPBASE,2025-12-30,2025-12-31,A1,,651,714,158
EUR,TCDX,GRPBASE,2025-12-30,2025-12-31,C1,,74,126,53
EUR,KGDX,GRPBASE,2025-12-30,2025-12-31,A1,,630,693,147
EUR,KGDX,GRPBASE,2025-12-30,2025-12-31,C1,,74,126,53
EUR,KINGR,GRPBASE,2025-12-30,2025-12-31,A1,,599,662,147
EUR,KINGR,GRPBASE,2025-12-30,2025-12-31,C1,,74,126,53
EUR,TWDD,GRPBASE,2025-12-30,2025-12-31,A1,,546,609,137
EUR,TWDD,GRPBASE,2025-12-30,2025-12-31,C1,,74,126,53
EUR,TWSP,GRPBASE,2025-12-30,2025-12-31,A1,,525,588,137
EUR,TWSP,GRPBASE,2025-12-30,2025-12-31,C1,,74,126,53
EUR,A2KB,GRPBASE,2025-12-30,2025-12-31,A1,,1197,1286,252
EUR,A2KB,GRPBASE,2025-12-30,2025-12-31,C1,,86,146,62
EUR,A1KB,SUHB,2025-12-30,2025-12-31,A1,,1791,1903,535
EUR,A1KB,SUHB,2025-12-30,2025-12-31,C1,,216,310,179
EUR,KCST,SUHB,2025-12-30,2025-12-31,A1,,1660,1773,516
EUR,KCST,SUHB,2025-12-30,2025-12-31,C1,,216,310,179
EUR,KGST,SUHB,2025-12-30,2025-12-31,A1,,1566,1679,498
EUR,KGST,SUHB,2025-12-30,2025-12-31,C1,,216,310,179
EUR,TWDX,SUHB,2025-12-30,2025-12-31,A1,,1435,1548,479
EUR,TWDX,SUHB,2025-12-30,2025-12-31,C1,,216,310,179
EUR,KCDX,SUHB,2025-12-30,2025-12-31,A1,,1379,1491,460
EUR,KCDX,SUHB,2025-12-30,2025-12-31,C1,,216,310,179
EUR,TCDX,SUHB,2025-12-30,2025-12-31,A1,,1341,1454,460
EUR,TCDX,SUHB,2025-12-30,2025-12-31,C1,,216,310,179
EUR,KGDX,SUHB,2025-12-30,2025-12-31,A1,,1304,1416,441
EUR,KGDX,SUHB,2025-12-30,2025-12-31,C1,,216,310,179
EUR,KINGR,SUHB,2025-12-30,2025-12-31,A1,,1248,1360,441
EUR,KINGR,SUHB,2025-12-30,2025-12-31,C1,,216,310,179
EUR,TWDD,SUHB,2025-12-30,2025-12-31,A1,,1154,1266,423
EUR,TWDD,SUHB,2025-12-30,2025-12-31,C1,,216,310,179
EUR,TWSP,SUHB,2025-12-30,2025-12-31,A1,,1116,1229,423
EUR,TWSP,SUHB,2025-12-30,2025-12-31,C1,,216,310,179
EUR,A2KB,SUHB,2025-12-30,2025-12-31,A1,,2315,2474,629
EUR,A2KB,SUHB,2025-12-30,2025-12-31,C1,,238,344,203
EUR,A1KB,GRPHIG,2025-12-30,2025-12-31,,1207,,,
EUR,KCST,GRPHIG,2025-12-30,2025-12-31,,1116,,,
EUR,KGST,GRPHIG,2025-12-30,2025-12-31,,1050,,,
EUR,TWDX,GRPHIG,2025-12-30,2025-12-31,,958,,,
EUR,KCDX,GRPHIG,2025-12-30,2025-12-31,,919,,,
EUR,TCDX,GRPHIG,2025-12-30,2025-12-31,,893,,,
EUR,KGDX,GRPHIG,2025-12-30,2025-12-31,,866,,,
EUR,KINGR,GRPHIG,2025-12-30,2025-12-31,,827,,,
EUR,TWDD,GRPHIG,2025-12-30,2025-12-31,,761,,,
EUR,TWSP,GRPHIG,2025-12-30,2025-12-31,,735,,,
EUR,PRE,GRPHIG,2025-12-30,2025-12-31,,27563,,,
EUR,A2KB,GRPHIG,2025-12-30,2025-12-31,,1607,,,
EUR,PRE,BAR00,2025-12-31,2026-01-01,,32287,,,
EUR,A1KB,BAR00,2025-12-31,2026-01-01,,1414,,,
EUR,KCST,BAR00,2025-12-31,2026-01-01,,1307,,,
EUR,KGST,BAR00,2025-12-31,2026-01-01,,1230,,,
EUR,TWDX,BAR00,2025-12-31,2026-01-01,,1122,,,
EUR,KCDX,BAR00,2025-12-31,2026-01-01,,1076,,,
EUR,TCDX,BAR00,2025-12-31,2026-01-01,,1046,,,
EUR,KGDX,BAR00,2025-12-31,2026-01-01,,1015,,,
EUR,KINGR,BAR00,2025-12-31,2026-01-01,,969,,,
EUR,TWDD,BAR00,2025-12-31,2026-01-01,,892,,,
EUR,TWSP,BAR00,2025-12-31,2026-01-01,,861,,,
EUR,A2KB,BAR00,2025-12-31,2026-01-01,,1882,,,
EUR,A1KB,BAREX,2025-12-31,2026-01-01,,1768,,,
EUR,KCST,BAREX,2025-12-31,2026-01-01,,1634,,,
EUR,KGST,BAREX,2025-12-31,2026-01-01,,1538,,,
EUR,TWDX,BAREX,2025-12-31,2026-01-01,,1403,,,
EUR,KCDX,BAREX,2025-12-31,2026-01-01,,1345,,,
EUR,TCDX,BAREX,2025-12-31,2026-01-01,,1308,,,
EUR,KGDX,BAREX,2025-12-31,2026-01-01,,1269,,,
EUR,KINGR,BAREX,2025-12-31,2026-01-01,,1211,,,
EUR,TWDD,BAREX,2025-12-31,2026-01-01,,1115,,,
EUR,TWSP,BAREX,2025-12-31,2026-01-01,,1076,,,
EUR,PRE,BAREX,2025-12-31,2026-01-01,,40359,,,
EUR,A2KB,BAREX,2025-12-31,2026-01-01,,2353,,,
EUR,A1KB,RACK,2025-12-31,2026-01-01,,1909,,,
EUR,KCST,RACK,2025-12-31,2026-01-01,,1764,,,
EUR,KGST,RACK,2025-12-31,2026-01-01,,1661,,,
EUR,TWDX,RACK,2025-12-31,2026-01-01,,1515,,,
EUR,KCDX,RACK,2025-12-31,2026-01-01,,1453,,,
EUR,TCDX,RACK,2025-12-31,2026-01-01,,1412,,,
EUR,KGDX,RACK,2025-12-31,2026-01-01,,1370,,,
EUR,KINGR,RACK,2025-12-31,2026-01-01,,1308,,,
EUR,TWDD,RACK,2025-12-31,2026-01-01,,1204,,,
EUR,TWSP,RACK,2025-12-31,2026-01-01,,1162,,,
EUR,PRE,RACK,2025-12-31,2026-01-01,,43587,,,
EUR,A2KB,RACK,2025-12-31,2026-01-01,,2541,,,
EUR,A1KB,CORL25,2025-12-31,2026-01-01,,1061,,,
EUR,KCST,CORL25,2025-12-31,2026-01-01,,980,,,
EUR,KGST,CORL25,2025-12-31,2026-01-01,,923,,,
EUR,TWDX,CORL25,2025-12-31,2026-01-01,,842,,,
EUR,KCDX,CORL25,2025-12-31,2026-01-01,,807,,,
EUR,TCDX,CORL25,2025-12-31,2026-01-01,,785,,,
EUR,KGDX,CORL25,2025-12-31,2026-01-01,,761,,,
EUR,KINGR,CORL25,2025-12-31,2026-01-01,,727,,,
EUR,TWDD,CORL25,2025-12-31,2026-01-01,,669,,,
EUR,TWSP,CORL25,2025-12-31,2026-01-01,,646,,,
EUR,PRE,CORL25,2025-12-31,2026-01-01,,24215,,,
EUR,A2KB,CORL25,2025-12-31,2026-01-01,,1412,,,
EUR,A1KB,WAL,2025-12-31,2026-01-01,,1202,,,
EUR,KCST,WAL,2025-12-31,2026-01-01,,1111,,,
EUR,KGST,WAL,2025-12-31,2026-01-01,,1046,,,
EUR,TWDX,WAL,2025-12-31,2026-01-01,,954,,,
EUR,KCDX,WAL,2025-12-31,2026-01-01,,915,,,
EUR,TCDX,WAL,2025-12-31,2026-01-01,,889,,,
EUR,KGDX,WAL,2025-12-31,2026-01-01,,863,,,
EUR,KINGR,WAL,2025-12-31,2026-01-01,,824,,,
EUR,TWDD,WAL,2025-12-31,2026-01-01,,758,,,
EUR,TWSP,WAL,2025-12-31,2026-01-01,,732,,,
EUR,PRE,WAL,2025-12-31,2026-01-01,,27444,,,
EUR,A2KB,WAL,2025-12-31,2026-01-01,,1600,,,
EUR,A1KB,BARAPT,2025-12-31,2026-01-01,,1980,,,
EUR,A2KB,BARAPT,2025-12-31,2026-01-01,,2635,,,
EUR,KCST,BARSUIT,2025-12-31,2026-01-01,,1634,,,
EUR,KGST,BARSUIT,2025-12-31,2026-01-01,,1538,,,
EUR,PRE,BARSUIT,2025-12-31,2026-01-01,,40359,,,
EUR,A1KB,OPQ,2025-12-31,2026-01-01,A1,,1058,1131,234
EUR,A1KB,OPQ,2025-12-31,2026-01-01,C1,,86,147,62
EUR,KCST,OPQ,2025-12-31,2026-01-01,A1,,972,1046,222
EUR,KCST,OPQ,2025-12-31,2026-01-01,C1,,86,147,62
EUR,KGST,OPQ,2025-12-31,2026-01-01,A1,,910,984,209
EUR,KGST,OPQ,2025-12-31,2026-01-01,C1,,86,147,62
EUR,TWDX,OPQ,2025-12-31,2026-01-01,A1,,824,898,197
EUR,TWDX,OPQ,2025-12-31,2026-01-01,C1,,86,147,62
EUR,KCDX,OPQ,2025-12-31,2026-01-01,A1,,787,861,185
EUR,KCDX,OPQ,2025-12-31,2026-01-01,C1,,86,147,62
EUR,TCDX,OPQ,2025-12-31,2026-01-01,A1,,762,837,185
EUR,TCDX,OPQ,2025-12-31,2026-01-01,C1,,86,147,62
EUR,KGDX,OPQ,2025-12-31,2026-01-01,A1,,738,812,172
EUR,KGDX,OPQ,2025-12-31,2026-01-01,C1,,86,147,62
EUR,KINGR,OPQ,2025-12-31,2026-01-01,A1,,701,775,172
EUR,KINGR,OPQ,2025-12-31,2026-01-01,C1,,86,147,62
EUR,TWDD,OPQ,2025-12-31,2026-01-01,A1,,639,714,160
EUR,TWDD,OPQ,2025-12-31,2026-01-01,C1,,86,147,62
EUR,TWSP,OPQ,2025-12-31,2026-01-01,A1,,615,689,160
EUR,TWSP,OPQ,2025-12-31,2026-01-01,C1,,86,147,62
EUR,A2KB,OPQ,2025-12-31,2026-01-01,A1,,1402,1506,295
EUR,A2KB,OPQ,2025-12-31,2026-01-01,C1,,100,170,71
EUR,A1KB,STAFF,2025-12-31,2026-01-01,A1,,661,707,146
EUR,A1KB,STAFF,2025-12-31,2026-01-01,C1,,54,92,39
EUR,KCST,STAFF,2025-12-31,2026-01-01,A1,,608,654,139
EUR,KCST,STAFF,2025-12-31,2026-01-01,C1,,54,92,39
EUR,KGST,STAFF,2025-12-31,2026-01-01,A1,,569,615,131
EUR,KGST,STAFF,2025-12-31,2026-01-01,C1,,54,92,39
EUR,TWDX,STAFF,2025-12-31,2026-01-01,A1,,515,561,123
EUR,TWDX,STAFF,2025-12-31,2026-01-01,C1,,54,92,39
EUR,KCDX,STAFF,2025-12-31,2026-01-01,A1,,492,538,116
EUR,KCDX,STAFF,2025-12-31,2026-01-01,C1,,54,92,39
EUR,TCDX,STAFF,2025-12-31,2026-01-01,A1,,477,523,116
EUR,TCDX,STAFF,2025-12-31,2026-01-01,C1,,54,92,39
EUR,KGDX,STAFF,2025-12-31,2026-01-01,A1,,461,508,108
EUR,KGDX,STAFF,2025-12-31,2026-01-01,C1,,54,92,39
EUR,KINGR,STAFF,2025-12-31,2026-01-01,A1,,438,485,108
EUR,KINGR,STAFF,2025-12-31,2026-01-01,C1,,54,92,39
EUR,TWDD,STAFF,2025-12-31,2026-01-01,A1,,400,446,100
EUR,TWDD,STAFF,2025-12-31,2026-01-01,C1,,54,92,39
EUR,TWSP,STAFF,2025-12-31,2026-01-01,A1,,385,431,100
EUR,TWSP,STAFF,2025-12-31,2026-01-01,C1,,54,92,39
EUR,A2KB,STAFF,2025-12-31,2026-01-01,A1,,877,941,185
EUR,A2KB,STAFF,2025-12-31,2026-01-01,C1,,63,106,45
EUR,A1KB,BB,2025-12-31,2026-01-01,A1,,1357,1449,327
EUR,A1KB,BB,2025-12-31,2026-01-01,C1,,143,219,112
EUR,KCST,BB,2025-12-31,2026-01-01,A1,,1250,1342,312
EUR,KCST,BB,2025-12-31,2026-01-01,C1,,143,219,112
EUR,KGST,BB,2025-12-31,2026-01-01,A1,,1173,1265,296
EUR,KGST,BB,2025-12-31,2026-01-01,C1,,143,219,112
EUR,TWDX,BB,2025-12-31,2026-01-01,A1,,1065,1157,281
EUR,TWDX,BB,2025-12-31,2026-01-01,C1,,143,219,112
EUR,KCDX,BB,2025-12-31,2026-01-01,A1,,1019,1111,266
EUR,KCDX,BB,2025-12-31,2026-01-01,C1,,143,219,112
EUR,TCDX,BB,2025-12-31,2026-01-01,A1,,988,1081,266
EUR,TCDX,BB,2025-12-31,2026-01-01,C1,,143,219,112
EUR,KGDX,BB,2025-12-31,2026-01-01,A1,,957,1050,250
EUR,KGDX,BB,2025-12-31,2026-01-01,C1,,143,219,112
EUR,KINGR,BB,2025-12-31,2026-01-01,A1,,911,1004,250
EUR,KINGR,BB,2025-12-31,2026-01-01,C1,,143,219,112
EUR,TWDD,BB,2025-12-31,2026-01-01,A1,,834,927,235
EUR,TWDD,BB,2025-12-31,2026-01-01,C1,,143,219,112
EUR,TWSP,BB,2025-12-31,2026-01-01,A1,,804,896,235
EUR,TWSP,BB,2025-12-31,2026-01-01,C1,,143,219,112
EUR,A2KB,BB,2025-12-31,2026-01-01,A1,,1788,1917,404
EUR,A2KB,BB,2025-12-31,2026-01-01,C1,,160,247,124
EUR,A1KB,HB,2025-12-31,2026-01-01,A1,,1468,1560,438
EUR,A1KB,HB,2025-12-31,2026-01-01,C1,,177,253,146
EUR,KCST,HB,2025-12-31,2026-01-01,A1,,1361,1453,423
EUR,KCST,HB,2025-12-31,2026-01-01,C1,,177,253,146
EUR,KGST,HB,2025-12-31,2026-01-01,A1,,1284,1376,407
EUR,KGST,HB,2025-12-31,2026-01-01,C1,,177,253,146
EUR,TWDX,HB,2025-12-31,2026-01-01,A1,,1176,1268,392
EUR,TWDX,HB,2025-12-31,2026-01-01,C1,,177,253,146
EUR,KCDX,HB,2025-12-31,2026-01-01,A1,,1130,1222,377
EUR,KCDX,HB,2025-12-31,2026-01-01,C1,,177,253,146
EUR,TCDX,HB,2025-12-31,2026-01-01,A1,,1099,1192,377
EUR,TCDX,HB,2025-12-31,2026-01-01,C1,,177,253,146
EUR,KGDX,HB,2025-12-31,2026-01-01,A1,,1068,1161,361
EUR,KGDX,HB,2025-12-31,2026-01-01,C1,,177,253,146
EUR,KINGR,HB,2025-12-31,2026-01-01,A1,,1022,1115,361
EUR,KINGR,HB,2025-12-31,2026-01-01,C1,,177,253,146
EUR,TWDD,HB,2025-12-31,2026-01-01,A1,,945,1038,346
EUR,TWDD,HB,2025-12-31,2026-01-01,C1,,177,253,146
EUR,TWSP,HB,2025-12-31,2026-01-01,A1,,915,1007,346
EUR,TWSP,HB,2025-12-31,2026-01-01,C1,,177,253,146
EUR,A2KB,HB,2025-12-31,2026-01-01,A1,,1899,2028,515
EUR,A2KB,HB,2025-12-31,2026-01-01,C1,,194,281,166
EUR,A1KB,WEL,2025-12-31,2026-01-01,A1,,1445,1537,415
EUR,A1KB,WEL,2025-12-31,2026-01-01,C1,,170,245,139
EUR,KCST,WEL,2025-12-31,2026-01-01,A1,,1338,1430,400
EUR,KCST,WEL,2025-12-31,2026-01-01,C1,,170,245,139
EUR,KGST,WEL,2025-12-31,2026-01-01,A1,,1261,1353,384
EUR,KGST,WEL,2025-12-31,2026-01-01,C1,,170,245,139
EUR,TWDX,WEL,2025-12-31,2026-01-01,A1,,1153,1245,369
EUR,TWDX,WEL,2025-12-31,2026-01-01,C1,,170,245,139
EUR,KCDX,WEL,2025-12-31,2026-01-01,A1,,1107,1199,354
EUR,KCDX,WEL,2025-12-31,2026-01-01,C1,,170,245,139
EUR,TCDX,WEL,2025-12-31,2026-01-01,A1,,1076,1169,354
EUR,TCDX,WEL,2025-12-31,2026-01-01,C1,,170,245,139
EUR,KGDX,WEL,2025-12-31,2026-01-01,A1,,1045,1138,338
EUR,KGDX,WEL,2025-12-31,2026-01-01,C1,,170,245,139
EUR,KINGR,WEL,2025-12-31,2026-01-01,A1,,999,1092,338
EUR,KINGR,WEL,2025-12-31,2026-01-01,C1,,170,245,139
EUR,TWDD,WEL,2025-12-31,2026-01-01,A1,,922,1015,323
EUR,TWDD,WEL,2025-12-31,2026-01-01,C1,,170,245,139
EUR,TWSP,WEL,2025-12-31,2026-01-01,A1,,892,984,323
EUR,TWSP,WEL,2025-12-31,2026-01-01,C1,,170,245,139
EUR,A2KB,WEL,2025-12-31,2026-01-01,A1,,1876,2005,492
EUR,A2KB,WEL,2025-12-31,2026-01-01,C1,,187,273,158
EUR,A1KB,GRPBASE,2025-12-31,2026-01-01,A1,,925,990,204
EUR,A1KB,GRPBASE,2025-12-31,2026-01-01,C1,,76,129,54
EUR,KCST,GRPBASE,2025-12-31,2026-01-01,A1,,851,915,194
EUR,KCST,GRPBASE,2025-12-31,2026-01-01,C1,,76,129,54
EUR,KGST,GRPBASE,2025-12-31,2026-01-01,A1,,797,861,183
EUR,KGST,GRPBASE,2025-12-31,2026-01-01,C1,,76,129,54
EUR,TWDX,GRPBASE,2025-12-31,2026-01-01,A1,,721,785,172
EUR,TWDX,GRPBASE,2025-12-31,2026-01-01,C1,,76,129,54
EUR,KCDX,GRPBASE,2025-12-31,2026-01-01,A1,,689,753,162
EUR,KCDX,GRPBASE,2025-12-31,2026-01-01,C1,,76,129,54
EUR,TCDX,GRPBASE,2025-12-31,2026-01-01,A1,,667,732,162
EUR,TCDX,GRPBASE,2025-12-31,2026-01-01,C1,,76,129,54
EUR,KGDX,GRPBASE,2025-12-31,2026-01-01,A1,,645,711,151
EUR,KGDX,GRPBASE,2025-12-31,2026-01-01,C1,,76,129,54
EUR,KINGR,GRPBASE,2025-12-31,2026-01-01,A1,,613,678,151
EUR,KINGR,GRPBASE,2025-12-31,2026-01-01,C1,,76,129,54
EUR,TWDD,GRPBASE,2025-12-31,2026-01-01,A1,,559,624,140
EUR,TWDD,GRPBASE,2025-12-31,2026-01-01,C1,,76,129,54
EUR,TWSP,GRPBASE,2025-12-31,2026-01-01,A1,,538,603,140
EUR,TWSP,GRPBASE,2025-12-31,2026-01-01,C1,,76,129,54
EUR,A2KB,GRPBASE,2025-12-31,2026-01-01,A1,,1227,1318,258
EUR,A2KB,GRPBASE,2025-12-31,2026-01-01,C1,,88,149,63
EUR,A1KB,SUHB,2025-12-31,2026-01-01,A1,,1835,1950,548
EUR,A1KB,SUHB,2025-12-31,2026-01-01,C1,,221,316,183
EUR,KCST,SUHB,2025-12-31,2026-01-01,A1,,1701,1816,529
EUR,KCST,SUHB,2025-12-31,2026-01-01,C1,,221,316,183
EUR,KGST,SUHB,2025-12-31,2026-01-01,A1,,1605,1720,509
EUR,KGST,SUHB,2025-12-31,2026-01-01,C1,,221,316,183
EUR,TWDX,SUHB,2025-12-31,2026-01-01,A1,,1470,1585,490
EUR,TWDX,SUHB,2025-12-31,2026-01-01,C1,,221,316,183
EUR,KCDX,SUHB,2025-12-31,2026-01-01,A1,,1413,1528,471
EUR,KCDX,SUHB,2025-12-31,2026-01-01,C1,,221,316,183
EUR,TCDX,SUHB,2025-12-31,2026-01-01,A1,,1374,1490,471
EUR,TCDX,SUHB,2025-12-31,2026-01-01,C1,,221,316,183
EUR,KGDX,SUHB,2025-12-31,2026-01-01,A1,,1335,1451,451
EUR,KGDX,SUHB,2025-12-31,2026-01-01,C1,,221,316,183
EUR,KINGR,SUHB,2025-12-31,2026-01-01,A1,,1278,1394,451
EUR,KINGR,SUHB,2025-12-31,2026-01-01,C1,,221,316,183
EUR,TWDD,SUHB,2025-12-31,2026-01-01,A1,,1181,1298,433
EUR,TWDD,SUHB,2025-12-31,2026-01-01,C1,,221,316,183
EUR,TWSP,SUHB,2025-12-31,2026-01-01,A1,,1144,1259,433
EUR,TWSP,SUHB,2025-12-31,2026-01-01,C1,,221,316,183
EUR,A2KB,SUHB,2025-12-31,2026-01-01,A1,,2374,2535,644
EUR,A2KB,SUHB,2025-12-31,2026-01-01,C1,,243,351,208
EUR,A1KB,GRPHIG,2025-12-31,2026-01-01,,1237,,,
EUR,KCST,GRPHIG,2025-12-31,2026-01-01,,1144,,,
EUR,KGST,GRPHIG,2025-12-31,2026-01-01,,1076,,,
EUR,TWDX,GRPHIG,2025-12-31,2026-01-01,,982,,,
EUR,KCDX,GRPHIG,2025-12-31,2026-01-01,,941,,,
EUR,TCDX,GRPHIG,2025-12-31,2026-01-01,,915,,,
EUR,KGDX,GRPHIG,2025-12-31,2026-01-01,,888,,,
EUR,KINGR,GRPHIG,2025-12-31,2026-01-01,,848,,,
EUR,TWDD,GRPHIG,2025-12-31,2026-01-01,,781,,,
EUR,TWSP,GRPHIG,2025-12-31,2026-01-01,,753,,,
EUR,PRE,GRPHIG,2025-12-31,2026-01-01,,28251,,,
EUR,A2KB,GRPHIG,2025-12-31,2026-01-01,,1647,,,
